id,original_text,actual_techniques,predicted_techniques
1294416339587813376,رئيس كارثه اللهم عجل بزواله https://t.co/6IOSc6HWMI,"Smears, Loaded Language",Loaded Language
1390565835983314945,"""التخاذل"" والحرس القديم .. رجّات تضع الرجاء خارج منافسات كأس العرش https://t.co/j1z7EarxMF #رياضة #كأس_العرش #كأس_الكونفدرالية_الإفريقية",Loaded Language,"Loaded Language, Name calling/Labeling"
1295114569527037962,#عين_اليمن هذا ماتبقي من مليشيا الحوثي التي حاولت التسلل الي مواقع الجيش الوطني. لاتزال جثثهم في الشعاب بعد ان تركهم رفاقهم. https://t.co/vp23NoCJ2w,Name calling/Labeling,"Loaded Language, Name calling/Labeling"
1393098497059168256,عاجل | إعلام عبري: مقتل مستوطنة يهودية، متأثرة بجروح أصيبت بها، يوم الثلاثاء الماضي أثناء هروبها بعد انطلاق صفارات الإنذار. #غزة,Name calling/Labeling,"Loaded Language, Name calling/Labeling"
1393588359159820293,"رئيس الأسوشيتد برس ""مصدوم"" بعد تدمير #برج_الجلاء https://t.co/mKeAezhpBk",Loaded Language,Loaded Language
1145312871963922432,ولد مولود: النظام قزم  المعارضة و نتائجنا صادمة https://t.co/T4Kjys1wGm,"Exaggeration/Minimisation, Loaded Language","Loaded Language, Name calling/Labeling, Smears"
1111593739540197376,أزمة الجامعة العمومية في تونس: أساتذة في العراء، حكومة متملصة وشهادات ”كرتونية“ https://t.co/Unuui8u4Ea https://t.co/HpR3aIBpok,"Loaded Language, Smears, Name calling/Labeling, Name calling/Labeling","Loaded Language, Name calling/Labeling"
1395635335669985282,"""باسيل"" يصف معترضي المسيرة الموالية للأسد في لبنان بـ ""النازيين"" https://t.co/TocwqNh7u3","Name calling/Labeling, Loaded Language, Name calling/Labeling","Loaded Language, Name calling/Labeling"
1388429426728255490,"بعد 16 عاماً.. صورة ""الفتاة الكارثة"" تحصد نصف مليون دولار. https://t.co/ZjDsR60gOV https://t.co/VS7Dx3NVJ6",Loaded Language,"Loaded Language, Name calling/Labeling"
1395583086608494599,"""مخالب"" #بشار_الأسد تستنزف #لبنان... ماذا يفعل ""النازح الناخب""؟! #الانتخابات السورية https://t.co/afln327TU7","Appeal to fear/prejudice, Doubt, Name calling/Labeling, Loaded Language","Appeal to fear/prejudice, Doubt, Loaded Language, Name calling/Labeling"
1392571109577531392,عباس: القدس خط أحمر ولا سلام دونها https://t.co/vxMTfyMnDr https://t.co/FGVaUusjYb,Black-and-white Fallacy/Dictatorship,Loaded Language
1398621893993938948,موسى: الطفولة البريئة المحاصرة أضحت شهيدة الصلف الإسرائيلي https://t.co/B88YM8Z38e,"Loaded Language, Name calling/Labeling, Name calling/Labeling, Name calling/Labeling","Loaded Language, Name calling/Labeling"
1392791136994009091,#عاجل | أبو عبيدة للاحتلال: احشدوا ما شئتم من قوات، فقد أعددنا لكم أصنافاً من الموت ستجعلكم تلعنون أنفسكم وليس لكم منا إلا السيف والنار,"Appeal to fear/prejudice, Loaded Language, Name calling/Labeling, Loaded Language","Appeal to fear/prejudice, Exaggeration/Minimisation, Loaded Language, Name calling/Labeling"
1123196179095916544,تونس: هجرة غير شرعية وهجرة الأدمغة، وجهان لعملة واحدة https://t.co/n0nDwGwQem https://t.co/GjNOU7cJy4,"Name calling/Labeling, Causal Oversimplification, Exaggeration/Minimisation, Loaded Language","Causal Oversimplification, Exaggeration/Minimisation, Loaded Language, Name calling/Labeling"
1376802856443973632,نبيه بري: لبنان في خطر وسيغرق مثل سفينة تيتانيك #عين_ليبيا https://t.co/MtEmsGoNI1,"Appeal to fear/prejudice, Exaggeration/Minimisation, Loaded Language, Appeal to fear/prejudice","Appeal to fear/prejudice, Exaggeration/Minimisation, Loaded Language"
1400338063012810753,أحمد الأنصاري يؤكد: لا خوف على العنابي أمام الهند https://t.co/MZZDGoeYPN,None,"Loaded Language, Repetition, Slogans"
1398315941507874818,"بوتين خلال لقاء لوكاشينكو: الأوضاع حول حادث هبوط طائرة ""Ryanair"" انفجار عاطفي https://t.co/MTAaRaARC0",Loaded Language,Loaded Language
1388770778922037248,"فيروس كورونا: هل تسير باكستان على خطى الهند وتواجه ""مصيراً مشؤوماً"" قريباً؟ https://t.co/xka3959AZ2","Doubt, Loaded Language","Doubt, Loaded Language"
1394655261105827844,#عاجل | #سفير_فلسطين بـ #مصر يطلع نواب #تنسيقيه_شباب_الاحزاب والسياسيين على تطورات العدوان الغاشم للتفاصيل.. https://t.co/YrVQdxaU4Z,Loaded Language,Loaded Language
1377631838936522754,"""الشبح"" أرعب #فرنسا 10 سنوات و #دبي تقبض عليه #السومرية https://t.co/C2AODRJQOu","Obfuscation, Intentional vagueness, Confusion, Loaded Language","Loaded Language, Obfuscation, Intentional vagueness, Confusion"
1205911295154958337,#عين_اليمن الأمم المتحدة: انهيار اتفاق الرياض ضربة لليمن https://t.co/3fMGLJ8nXO https://t.co/JvcOTTkAfx,Loaded Language,"Loaded Language, Smears"
1366664130640420867,"#عاجل| مدير ""الحسين للسرطان"" محذرا من تفشي كورونا في #الأردن: ""موضع لا نتمناه"" #رؤيا_الاخباري #الأردن https://t.co/ajejLfHE8i","Loaded Language, Appeal to fear/prejudice",Loaded Language
1386739371173421063,كارثة في #الهند والوفيات بالآلاف يومياً.. خبراء يرجحون أن حالات #كورونا أعلى بكثير من المعلن.. تقرير يسلط الضوء https://t.co/uBPS0EDkYu,"Loaded Language, Doubt",Loaded Language
1365601317725626369,فل يلعنك التاريخ ويلعنك اليمنيين على ماخذلتهم https://t.co/L0PI9NPAwp,"Smears, Loaded Language, Repetition","Loaded Language, Name calling/Labeling"
1400416976409796613,آثار البركان المدمر في جمهورية #الكونغو الديمقراطية https://t.co/7lBKIi3mEZ,Loaded Language,Loaded Language
1326445475625644032,🔴لافروف : يمنعون وصول المساعدات إلى اللاجئين السوريين وهذا نهج غير إنساني,"Name calling/Labeling, Loaded Language","Loaded Language, Name calling/Labeling"
1175652922845216768,#عين_اليمن #26سبتمبر ثورة شعب صنعت تاريخة احتفلوا به ايه اليمانيون واذلوا انف عبيد الطغاه والامامة https://t.co/MgegmzTHAA,"Name calling/Labeling, Loaded Language, Name calling/Labeling","Loaded Language, Name calling/Labeling"
1396881712500592645,#التوحيد_العربي: خيار المقاومة انتصار في سبيل الدفاع عن كرامة الإنسان https://t.co/zIQQR9Kiru,Loaded Language,Name calling/Labeling
1380943714042834945,"مع تصوير مسلسل لتلميع صورة إجرامه .. وزير إعلام النظام: نرد على ""شيطنة الجيش"" بإظهاره كـ""إنسان"" ..!! https://t.co/3ADa5XDKXH","Smears, Name calling/Labeling, Loaded Language","Loaded Language, Name calling/Labeling"
1393150530109718530,"""وفاة الملكة إليزابيث"".. خطأ فادح لمذيع بريطاني شهير على الهواء #شاهد_سكاي_فيديو https://t.co/yKWUu7PWXI","Loaded Language, Name calling/Labeling","Loaded Language, Name calling/Labeling"
1232617166589059072,إحباط محاولة إدخال مخدرات لسجن بير أم غرين https://t.co/Qan1i6XaO0,Loaded Language,"Loaded Language, Name calling/Labeling"
1397287377165488132,"""يويفا"" يبدأ بإجراءات انضباطية ضد الثلاثي ""الانفصالي"" ريال مدريد وبرشلونة ويوفنتوس https://t.co/sMLnW943kX",Name calling/Labeling,Loaded Language
1364653903191683072,| الفلاحين الصغار في #أولاد_جاب_الله و #ملولش: إنتفاضة علف #الكرامة ➡️ https://t.co/6U3mCS0lIO 📸 Malek Khemiri https://t.co/OEX1ITG53W,"Loaded Language, Name calling/Labeling","Loaded Language, Name calling/Labeling"
1390268764269187072,"📌تحت شعار "" الذاكرة تأبى النسيان""..انطلاق الاحتفالات المخلدة للذكرى 76 ل #مجازر_8ماي45 من #سطيف https://t.co/ydTOHOrPHb https://t.co/APtmrHBew4","Loaded Language, Loaded Language","Loaded Language, Slogans"
1400465737442025472,"نتنياهو: اعضاء تحالف بينيت ولابيد ""يساريون خطيرون"" https://t.co/13m0IBWJIJ https://t.co/fl5Q9Vuazw","Loaded Language, Name calling/Labeling, Smears","Appeal to fear/prejudice, Exaggeration/Minimisation, Loaded Language, Name calling/Labeling"
1398287733450289159,الأخ الكبير #فائق_الكسم لـ #العربية_نت: ولدت في #القاهرة قبل 40 عاماً https://t.co/dBhxiLTwzT #العربية,None,Name calling/Labeling
1390012969908678663,#شام #عاجل| مجموعة السبع: ندين الفظائع المستمرة التي يرتكبها نظام الأسد وداعموه ضد الشعب السوري ومحاولاته عرقلة وصول المساعدات الإنسانية إلى #سوريا.,"Name calling/Labeling, Loaded Language, Loaded Language, Smears","Loaded Language, Name calling/Labeling, Smears"
1394312284554600451,"ابنتها تفجر مفاجأة: الفنانة ""#نادية_العراقية"" لم تمت بـ #كورونا! #العراق #السومرية https://t.co/EkDtWQedtG",Loaded Language,Name calling/Labeling
1396737266559639552,RT @AJABreaking: عاجل | وزارة الزراعة في غزة: نحذر من كارثة في قطاع الإنتاج الحيواني بسبب رفض الاحتلال إدخال الأعلاف والحبوب,"Appeal to fear/prejudice, Loaded Language, Loaded Language, Name calling/Labeling",Loaded Language
1392113990583693313,رغم أن معظمها محلية الصنع أثارت صواريخ المقاومة الذعر في الاحتلال الإسرائيلي ورسمت لوحة فنية فوق سماء غزة قبل وصولها لهدفها في #عسقلان اليوم https://t.co/sgQ29L07Gx,"Loaded Language, Loaded Language, Name calling/Labeling","Loaded Language, Name calling/Labeling"
1278302158086197249,زهير المغزاوي الأمين العام لحركة الشعب : الي يحب يسحب الثقة من الحكومة يمشي للبرلمان يجيب 109 نائب و يسحب على روحو.. #MidiShow 🇹🇳🌐,None,Loaded Language
1361340109187088386,ستكشف مكان جثة والدها وخيانة أدت لمقتل شقيقيها.. ما لا تعرفه عن رغد صدام حسين ومن هو زوجها؟ https://t.co/Mp9GFbQIZD,Loaded Language,Name calling/Labeling
1387885489328431107,#القادسية يخطف تعادلًا دراميًا من بين أنياب #العربي https://t.co/y3dcYzrReq https://t.co/IlnhAM85Va,"Name calling/Labeling, Loaded Language",Loaded Language
1385194185007980547,من خيال إلى فشل.. هذا كل ما قد تحتاج معرفته عن دوري السوبر الذي هز عالم كرة القدم وأثار استياء كثيرين حول العالم https://t.co/351h8JSliZ,"Loaded Language, Exaggeration/Minimisation",Loaded Language
1397146403131072519,الرئاسة التونسية تصف مزاعم الانقلاب بـ«المسرحية سيئة الإخراج» #عين_ليبيا https://t.co/fiwuoVKlQ3,"Smears, Name calling/Labeling, Doubt","Loaded Language, Name calling/Labeling"
1364115576990425090,🎥 #قهوة_الصباح | موهوب يجمع بين عذوبة الصوت وعمق الإحساس | مرشد بن عامر البداعي https://t.co/wed30yEUSw https://t.co/VuezKL4j5K,None,Loaded Language
1399961475460976642,مجزرة حولت حيّا مزدهرا للأميركيين السود إلى أنقاض.. بايدن يستذكر مذبحة تولسا بعد مئة عام على حدوثها https://t.co/VCVp7QYgi5,"Loaded Language, Loaded Language","Loaded Language, Name calling/Labeling"
1352240108183937024,الامارات تستخدم وزراء ”الانتقالي“ في الحكومة لتعطيل ميناء ”قنا“ وسلطات شبوة تحذر من أي ”تصرف أحمق“ يمس الميناء وتتوعد بـ”رد قاس ومؤلم“ https://t.co/tN4JMfFcmJ,"Loaded Language, Name calling/Labeling, Name calling/Labeling","Loaded Language, Name calling/Labeling"
1267022621775970305,نواة في دقيقة : الأسلاك الشائكة تهدد حرية التجمع و التظاهر السلمي https://t.co/vVNoJOCGMQ,Loaded Language,"Loaded Language, Name calling/Labeling"
1395308834911100930,عاجل| مصادر محلية: ارتقــاء شــهــيد وإصابة آخرين بقصـــف للاحتلال شمال بيت لاهيا شمال قطاع #غزة. https://t.co/kDii226fxZ,"Loaded Language, Name calling/Labeling","Loaded Language, Name calling/Labeling"
1390015216214167555,النقاش - نابوليون: شخصية جدلية في المخيلة العالمية https://t.co/QWaHHzkWof,Name calling/Labeling,Loaded Language
1336975393052561412,🔴 المصدر: #سورية تؤكد على أن نتيجة هذه الانتخابات تمثل هزيمة لنهج الغطرسة والهيمنة الذي تمارسه الولايات المتحدة,"Loaded Language, Loaded Language, Loaded Language, Smears",Loaded Language
1360942481370734598,@mohimg يستحقون القتل مئة مرة وليس مرة واحدة .. طالع الجريمة التي ارتكبوها. لن يتعاطف منهم الا شخص غير سوي عقلياً.,"Exaggeration/Minimisation, Exaggeration/Minimisation, Loaded Language","Exaggeration/Minimisation, Loaded Language, Name calling/Labeling"
1393193126391472137,"لأول مرة.. الحشود الأردنية تكسر الطوق الأمني على الحدود وتواصل الزحف نحو الأراضي الفلسطينية المحتلة، بعدما هتف آلاف المتظاهرين ""افتحوا الحدود"" https://t.co/CG25xMoIKY","Name calling/Labeling, Slogans, Loaded Language","Loaded Language, Name calling/Labeling"
1395470095745433602,"برعاية ""الإسلامي السوري"".. قوى سياسية وعسكرية وهيئات ومنظمات تصدر وثيقة لرفض مهزلة الانتخابات https://t.co/qfVDGFbUrn",Loaded Language,"Loaded Language, Name calling/Labeling"
1302598100083761157,يواجهون المصائب وحدهم! ابتسامة الشاب الحامل جرة الغاز تذيب الحجر 💔 قلوبنا مع #السودان وأهله💔 #فيضان_السودان #فيضان_النيل https://t.co/a20bOLQr3T,"Loaded Language, Loaded Language","Loaded Language, Name calling/Labeling, Slogans"
1351250560251547649,استغراب إصلاحي لموقف الناصري والاشتراكي من قرارات الرئيس.. هل تواجدكم في مؤسسات الدولة خرق فاضح للدستور؟ https://t.co/9QdzHUfdEh https://t.co/BlnjWh72mA,Doubt,"Loaded Language, Name calling/Labeling, Smears"
1394039338145619969,"الأردن يطالب بإنهاء ""الظلم التاريخي الذي يتعرض له الشعب الفلسطيني"" https://t.co/hgLnaOIOY3 #فلسطين_تقاوم #GazaUnderAttake",Loaded Language,"Exaggeration/Minimisation, Loaded Language"
1379770110798364674,رسميا : بلاغ الحكومة المغربية حول إجراءات شهر رمضان #نبقاو_على_بال #نحمي_راسي_نحمي_بلادي https://t.co/3kIzdpXiLz,Slogans,"Loaded Language, Name calling/Labeling"
1388805480424820736,تابعوا في هذا التقرير لـCNN قصة انهيار النظام الصحي في #الهند أثناء موجة ثانية مرعبة لفيروس #كورونا.. ماذا عن الأرقام الحقيقية؟ وماذا يقول الأهالي؟ https://t.co/jFpLCIZvpT @clarissaward,"Loaded Language, Loaded Language, Doubt, Name calling/Labeling","Loaded Language, Smears"
1399452220412862471,RT @YouStinkLeb: يلي محتلين البلد حولوا الدولة لغنيمة بيتقاسموها. البلد محتل، قبل #البديل بدنا نحرر البلد,"Repetition, Name calling/Labeling, Loaded Language, Slogans, Flag-waving","Flag-waving, Loaded Language, Name calling/Labeling, Repetition, Slogans"
1175074793047187456,صحيفة أمريكية تودع قراءها: «استمتعوا بهواتفكم الحقيرة» - صحراء ميديا https://t.co/y2TvWwjALZ,"Loaded Language, Loaded Language, Name calling/Labeling","Loaded Language, Name calling/Labeling"
1393557004233412609,عاجل| ســرايــــا #القـدس: الــعـــدو باستمرار عـــدوانه وارتكابه لمجـــزرة مخيم الشاطئ وهدم المباني والأبراج المدنية يرتكب حمــاقة سيـــدفع ثمنها غالياً غالياً.,"Loaded Language, Name calling/Labeling, Loaded Language, Loaded Language, Appeal to authority","Appeal to authority, Loaded Language, Name calling/Labeling"
1383676806083977216,"نشطاء في لبنان يتظاهرون مطالبين بقطع العلاقات مع إيران ""النظام السوري حسود وحقود"" https://t.co/0LkwKTWPLA","Loaded Language, Name calling/Labeling, Smears, Loaded Language","Loaded Language, Name calling/Labeling"
1393772941964464130,"فيديو ""مروّع"" من السعودية.. ""مفحط"" يفقد السيطرة ويدهس الخارجين من صلاة العيد https://t.co/XWplKv9E5r",Loaded Language,Loaded Language
1194903017994227713,خسىء المتملقون وأخطأ الواهمون… قيس سعيد ليس ثوريا https://t.co/HTPPgCJySx https://t.co/ALXIbrbxSM,"Loaded Language, Name calling/Labeling, Name calling/Labeling, Name calling/Labeling","Loaded Language, Name calling/Labeling"
1394711267047362560,"وصفتها بـ""المشينة والعنصرية"".. الإمارات تستنكر تصريحات الوزير اللبناني وهبة #عاجل https://t.co/71lMopS4Y8",Loaded Language,"Loaded Language, Name calling/Labeling"
1386400231298850824,المطير: تأجيل الاستجوابات المستقبلية.. تنقيح شيطاني للدستور https://t.co/fHsKVfuivG https://t.co/3PqZqLYKKV,"Name calling/Labeling, Loaded Language","Loaded Language, Name calling/Labeling"
963133492413587456,حريق مبيت معهد تالة: إهمال، شبهة فساد وأزمة ثقة [فيديو] https://t.co/1ninLXDZJd https://t.co/dUc6wnETVR,"Loaded Language, Loaded Language, Loaded Language, Doubt","Loaded Language, Name calling/Labeling"
1381289192374829056,حوار مع أمين غالي حول شيطنة المنظّمات المتمتّعة بتمويل أجنبي https://t.co/mLDrTksICB,"Loaded Language, Name calling/Labeling","Black-and-white Fallacy/Dictatorship, Loaded Language, Name calling/Labeling"
1391814999690125317,"نتانياهو: من يعتدي علينا سيدفع ""ثمنا باهظا"" https://t.co/pusGLje8dx","Appeal to fear/prejudice, Loaded Language, Loaded Language","Loaded Language, Name calling/Labeling"
1395780882712207366,تعرف على السر الذي يجعل البعوض يختار ضحاياه بشراهة https://t.co/Wsg9TTPBCm https://t.co/J5aA6XFaQZ,"Exaggeration/Minimisation, Exaggeration/Minimisation, Loaded Language",Name calling/Labeling
1390766106596491268,#عاجل | مفوضية الأمم المتحدة لحقوق الإنسان: ما يجري في #حي_الشيخ_جراح قد يرقى إلى جريمة حرب https://t.co/7Zw3YyUm7h,"Smears, Loaded Language",Loaded Language
1296324004861612032,استقطاع الرواتب يدفع الموظفين الى المطالبة بحكومة ليست متورطة بالفساد والمحسوبية https://t.co/OYTmdt6Z0n,"Smears, Loaded Language",Loaded Language
1167028390299353089,RT @aynalarab1: #عين_العرب سيطرة المقاومة الجنوبية على كامل مديرية خنفر أبين الفيديو لابطال المقاومة في جعار بجانب جبل خنفر https://t.co/…,"Name calling/Labeling, Name calling/Labeling","Loaded Language, Name calling/Labeling"
1390819126080323585,المطير: بيان الخارجية يبين الوجه التعيس لهذه الحكومة التي وجب عليها الرحيل - الكويت صاحبة المبادئ والقيم تستحق الافضل https://t.co/iyOgVGPdDG https://t.co/rVBn91Ww6a,"Loaded Language, Loaded Language, Loaded Language, Smears","Exaggeration/Minimisation, Loaded Language, Name calling/Labeling"
1398402708705628162,الصحة العالمية: قضية منشأ فيروس كورونا المستجد مسممة بالسياسة https://t.co/KYVV68y1BH,"Loaded Language, Doubt",Slogans
1278717536754896897,#عين_اليمن الجالية اليمنية في ماليزيا تحذر من شركات توظيف الأموال. #لاتكن_سمكة https://t.co/rWLHMv4Bg3,Loaded Language,Loaded Language
1388211870608330752,هيئة كبار العلماء بالسعودية تصدر بيانا مفاجئا بخصوص تصريحات ولي العهد محمد بن سلمان https://t.co/fnuJO9X7V6 https://t.co/VRFoUwuk58,Loaded Language,Loaded Language
1394647735761084420,"""حط السيف قبال السيف، واحنا رجال محمد ضـ يــ ف"" مظاهرة فلسطينية حاشدة في طولكرم بالضفة الغربية ضمن فعاليات #إضراب_فلسطين https://t.co/XtbXhb3dY2","Slogans, Loaded Language","Loaded Language, Slogans"
1380108149340962819,باسم عوض الله: من محرك للإصلاح الاقتصادي في الأردن إلى سجين - BBC News عربي https://t.co/DLc0FxJc6Y,Name calling/Labeling,Loaded Language
1141843611723665408,الرئيس الموريتاني: لا توجد دولة في العالم راضية عن تعليمها، والتعليم في العالم كله يعاني من مرض.,"Exaggeration/Minimisation, Exaggeration/Minimisation, Causal Oversimplification",Loaded Language
1338825415394201602,🔴 المصدر : لقد دأبت بريطانيا وبتعليمات من سيدها في البيت الأبيض على إعاقة الجهود الرامية لمكافحة الإرهاب وإفشال أي تحرك جاد للخروج من الأزمة الراهنة,"Loaded Language, Loaded Language, Loaded Language, Loaded Language, Name calling/Labeling, Smears",Loaded Language
1399088875344179210,RT @jeannounn: البديل انتفاضة على القضاء و النظام المالي و ؤمراء الحرب #وهلق_شو,Loaded Language,"Loaded Language, Name calling/Labeling"
1389399440075726852,جوهرة سعودية على الشاطىء.. نظرة على أفضل ملاعب الغولف في العالم https://t.co/y3R5tXuSBG,"Exaggeration/Minimisation, Name calling/Labeling","Loaded Language, Name calling/Labeling"
1394279229542576135,#التقدمي_الاشتراكي و #حماس: القضية الفلسطينية تبقى هي البوصلة للأمة وأحرار العالم https://t.co/xOoJpwISTH,"Name calling/Labeling, Exaggeration/Minimisation","Appeal to authority, Flag-waving, Repetition, Slogans"
1328279270385442816,لاجئة إثيوبية بمعسكر أم راكوبة تحكي مأساتها مع الحرب الدائرة في #إثيوبيا #السودان https://t.co/J9Gh6utBia,Loaded Language,Loaded Language
1382348121812791296,"لجنة العلاقات الخارجية في البرلمان الأوروبي تلتقي ""العبدة"" والأخير يؤكد على أربع نقاط https://t.co/lpBiDpymHW",None,Loaded Language
1396547990219808778,"""البريميرليغ"" يبوح بكافة أسراره.. ليفربول وتشيلسي يحجزان بطاقتيهما إلى دوري أبطال أوروبا https://t.co/fw259worJ6",Exaggeration/Minimisation,"Loaded Language, Name calling/Labeling"
1390606516076564481,الناطق الإعلامي باسم حماس في القدس محمد حمادة في مقابلة خاصة مع قناة الأقصى الفضائية: على الأمة العربية والإسلامية نصرة #القدس والأقصى بأسرع وقت.,Flag-waving,"Appeal to fear/prejudice, Loaded Language, Name calling/Labeling"
1316388919966130176,الوفد الطبي المصري يزور مستشفى يونيفرسال لتقييم حالات مصابي ثورة ديسمبر المجيدة تمهيداً لعلاجهم في #مصر . #السودان https://t.co/OvUrnAfafy,"Loaded Language, Name calling/Labeling",Loaded Language
1360612661919182855,"الإعتراف سيد الأدلة حكومة إقليم أوروميا تعترف أن محافظة ""هرو غودرو""Horro guduroo خارج سيطرتها ... أى أن جبهة تحرير أوروميا سيطرت عليها بالكامل. https://t.co/ILwSWAjy2a",Loaded Language,"Loaded Language, Name calling/Labeling"
1397197709904388102,رعب جديد.. بعد الأسود والأبيض، ظهور فطر أصفر أكثر فتكا في الهند #الهند #عدوى #كورونا https://t.co/K2YvkbdaNf,"Appeal to fear/prejudice, Loaded Language, Obfuscation, Intentional vagueness, Confusion, Loaded Language","Exaggeration/Minimisation, Loaded Language, Name calling/Labeling"
1393146659933196288,#عاجل|مراسل رؤيا: إصابات بالإغماء في صفوف المشاركين بمسيرة الحدود الأردنية الفلسطينية #الأردن #فلسطين #الحدود #غزة_تحت_القصف #القدس #رؤيا_الاخباري https://t.co/Hf5UboNw8k,None,Loaded Language
1394937568249139201,"""بايدن"" يهدّد صحفياً سأله عن الأزمة الفلسطينية بـ""الدهس"": أمزح معك. https://t.co/KnFHf6c7qT https://t.co/JStHhUd6zs","Loaded Language, Exaggeration/Minimisation, Loaded Language, Loaded Language","Appeal to fear/prejudice, Loaded Language, Name calling/Labeling"
1398987628200955919,#أخبار_الخامسة | الأحد 30 مايو 2021م https://t.co/RWBpAH5M3M,None,"Loaded Language, Slogans"
1394965302753087489,كتائب الشهيد أبو علي مصطفى تواصل قصف مستوطنات ومواقع وحشودات الاحتلال في غلاف غزة بالصواريخ وقذائف الهاون ردا على استمرار العدوان على شعبنا,"Name calling/Labeling, Loaded Language, Name calling/Labeling, Name calling/Labeling, Loaded Language","Loaded Language, Name calling/Labeling"
960861256017154048,وزير الداخلية لطفي براهم، العدوّ الأول لحرية التعبير في تونس https://t.co/42J1YYOGeQ https://t.co/wa8ca3th9F,"Smears, Name calling/Labeling, Loaded Language",Loaded Language
1269035529502253056,سفارة أمريكا بتونس: مقتل فلويد.. والحقائق الموجعة عن العنصرية والظلم(صور) https://t.co/z7wrUHEul2,"Loaded Language, Loaded Language, Loaded Language","Loaded Language, Name calling/Labeling"
1389414479029575685,«لَيْلَةُ الْقَدْرِ خَيْرٌ مِّنْ أَلْفِ شَهْر».. كلمات من ذهب قالها الإمام الشعراوي في وصف #ليلة_القدر https://t.co/TyMUPixjq2,Name calling/Labeling,Slogans
1290993685665058816,"عياض اللومي القيادي بقلب تونس : بانو منطق نقولو قلب تونس نتحالف مع النهضة ؟ بمنطق ""الكذب و السفه"" ؟ #MidiShow","Doubt, Loaded Language","Loaded Language, Name calling/Labeling"
1396790583360958464,لم يمثل أي تهديد.. الشرطة الإسرائيلية تعتدي بوحشية على شاب في مدينة أم الفحم خلال اعتقالها آخر https://t.co/fk7rDmj2gI,"Loaded Language, Loaded Language, Smears",Loaded Language
1374395030002016270,مشاهد مرعبة لمرضى كورونا من غرف العناية المركزة في الأردن.. فيديو #رؤيا_الاخباري #الأردن #عاجل https://t.co/NCEzzQAwem,Loaded Language,Loaded Language
1392883980148428805,▶️ قصف على غزة ومتطرفون يهود يهاجمون الأقلية العربية في يافا وطبرية ومدن إسرائيلية https://t.co/v25ogj8Nm9 https://t.co/GiwrsztSlH,"Loaded Language, Name calling/Labeling, Smears, Loaded Language","Loaded Language, Name calling/Labeling, Smears"
1393133261853974529,"""عالقدس رايحين..ِشـــهــداء بالملايين"".. تظاهرات حاشدة للأردنيين نصرة لغزة والقدس.. #جمعة_المواجهة #الأردن https://t.co/YC04M8bfaS","Slogans, Loaded Language","Loaded Language, Slogans"
1389198965191622658,البرلمان العربي: نتضامن مع المملكة إزاء الهجمات الحوثية الإرهابية، ونقف معها في صف واحد ضد كل تهديد يطال أمنها واستقرارها.,"Loaded Language, Name calling/Labeling, Loaded Language",Loaded Language
979802933096218624,"حوار مع نسرين جلالية (منظمة البوصلة): ""الارتجال البرلماني عَطّل تركيز المحكمة",Name calling/Labeling,"Loaded Language, Name calling/Labeling"
1384607366684057603,"تشيلسي والسيتي .. ""الانشقاق"" يهدد عصبة السوبر الأوروبي https://t.co/NDRbRgDfl4","Loaded Language, Name calling/Labeling, Obfuscation, Intentional vagueness, Confusion","Loaded Language, Name calling/Labeling"
1378776936575557633,"الخوذ البيضاء"": الاستهتار الدولي تجاه استخدام الأسد للأسلحة الكيماوية غير مفهوم ولا يمكن تبريره https://t.co/Vp1CnWpi3N","Name calling/Labeling, Smears, Loaded Language","Loaded Language, Name calling/Labeling, Smears"
1371164233413619713,استطلاعات... هزيمة فادحة للمحافظين بقيادة ميركل في نتائج الانتخابات بولايتين ألمانيتين,Loaded Language,"Loaded Language, Name calling/Labeling"
1372145705138204681,#عاجل | الرئيس التونسي قيس سعيد: تراب ليبيا امتداد لتراب وتونس وتاريخنا حافل بمظاهر الوحدة #قناة_ليبيا,Flag-waving,"Loaded Language, Name calling/Labeling"
1399984126560817154,تسريبات جديدة تكشف تجسس واشنطن على حلفائها #أمريكا #جواسيس #تجسس #ميركل https://t.co/JFz3id06n7,"Loaded Language, Smears",Name calling/Labeling
1385259744257003520,#الوصال| الواسطة، المحسوبية، الرشوة عوامل هدامة لأي تقدم . برنامج نزاهة بالتعاون مع @StateAudit_Oman يسلط الضوء على هذه العوامل وأهمية محاربتها من قبل الجميع https://t.co/uurhufW0ce,"Loaded Language, Loaded Language","Loaded Language, Name calling/Labeling"
1393500615058333697,"""100 مليون مصري لو عطسوا على إسرائيل بيطيروها"".. بكل قوة وعزة فلسطينية تواجه قوات الاحتلال بحي الشيخ جراح بالقدس المحتلة بكلماتها القوية https://t.co/nv9TYZw9uo","Exaggeration/Minimisation, Name calling/Labeling, Name calling/Labeling, Loaded Language, Loaded Language","Loaded Language, Name calling/Labeling"
1399531143767236608,صاحبة أكبر فم بالعالم تستطيع تناول شطيرة كاملة بسهولة كبيرة وسرعة قياسية! #شاهد_سكاي https://t.co/7IHj7LLdHO,None,"Loaded Language, Name calling/Labeling"
1358429253801492481,حقق الملاكم الأمريكي فوزا صادما على البطل الأسطوري، محمد علي كلاي، عام 1978، في المباراة الثامنة التي يخوضها كلاعب محترف. https://t.co/QwqMspseek,"Name calling/Labeling, Loaded Language, Loaded Language",Loaded Language
1390812350073147393,الصقعبي: هي ليست مستوطنات هي مستعمرات - هي ليست القدس الشرقية هي القدس بكامل أجزائها -هي ليست اسرائيل هي #الكيان_الصهيوني المحتل ! https://t.co/iyOgVGPdDG https://t.co/4S3pRsEwZd,"Name calling/Labeling, Name calling/Labeling, Name calling/Labeling",Slogans
1318915981591351308,غباء الكيزان لابسين نفس الكاب ويهتفو جمب بعض والله تاني الا تمشوا بلد تاني 😂😂😂😂 #السودان #السودان_خارج_قائمة_الارهاب #ثورة_ديسمبر #ثورة_اكتوبر https://t.co/jbCWzGDq09,Smears,"Loaded Language, Name calling/Labeling"
870059470210166791,زعماء المعارضة البريطانية يسخرون من ماي لرفضها المشاركة في مناظرة قبيل الانتخابات ##بريطانيا https://t.co/3HUpJfEYa4,"Name calling/Labeling, Loaded Language","Loaded Language, Name calling/Labeling"
1397093840700411910,"الجامعة تطالب الحكام بتجاوز الاستخفاف بـ""الفار"" https://t.co/KJAE6Dvv9N #رياضة #24_ساعة #الجامعة_الملكية_المغربية_لكرة_القدم","Loaded Language, Name calling/Labeling","Loaded Language, Name calling/Labeling"
1383339484939374593,"وسط توتر في العلاقات بين البلدين.. #روسيا تعلن اعتقال قنصل #أوكرانيا في #سان_بطرسبرغ ""متلبساً"" https://t.co/y8FUO62daJ","Loaded Language, Loaded Language",Loaded Language
1372622255293861895,خطابات النواب بتفش الغُل .. بس كالعادة ما طلعهم معهم شي https://t.co/Gal3fIas3J #رؤيا #تشويش_واضح https://t.co/NYK4hHqcRd,Smears,"Loaded Language, Name calling/Labeling"
1361677635563229186,هل مازال الربيع العربي خطراً يتهدد الممالك العربية أم أنه تم تجاوزه نهائيا؟ الحلقة الكاملة من #نقطة_حوار ⬇️ https://t.co/fpIoDWfsva,"Doubt, Name calling/Labeling, Loaded Language, Name calling/Labeling, Loaded Language",Loaded Language
1390025164193206284,#الوصال| الأستاذ الدكتور سعيد الظفري يتحدث عن التأثيرات السلبية لبعض مشاهير التواصل الاجتماعي على سلوكيات الشباب العماني لـ ,None,Loaded Language
1398289588301541377,"""#التجارة"" تشهِّر بمواطن تستر على 4 مقيمين زاولوا تجارة المفروشات. https://t.co/8C0D2mm8Pu https://t.co/f8yqBGSRAR",None,"Loaded Language, Name calling/Labeling"
1351201636329398273,🔴المصدر: عندما تفشل القوى التي تقف وراء هذه الأكاذيب تلجأ لمثل هذه الطرق الساذجة عبر نشر الأخبار الكاذبة,"Doubt, Loaded Language, Loaded Language","Loaded Language, Name calling/Labeling"
1394982039112257536,#عاجل| نتنياهو: مستمرون بقصف غزة لسحق المقاومة الفلسطينية #رؤيا_الاخباري #نتنياهو #غزة #المقاومة_الفلسطينية https://t.co/lCHU5ldOZp,"Name calling/Labeling, Loaded Language, Loaded Language","Appeal to fear/prejudice, Loaded Language, Name calling/Labeling"
1385696117820694529,"كانت مكالمة ""متوترة"".. بايدن أخبر أردوغان عزمه الاعتراف بمذابح الأرمن كـ""إبادة جماعية"" https://t.co/yQubNkGKj1","Loaded Language, Name calling/Labeling, Loaded Language, Loaded Language","Loaded Language, Name calling/Labeling"
1391583344526254081,حميدتي: أصبحنا نتسول من العالم وبلادنا ملأى بالخيرات! https://t.co/cQxgCt6GDc,Loaded Language,"Loaded Language, Name calling/Labeling"
1397569682291494920,#الوصال| الجيش السلطاني يفتح باب التجنيد #صحار_الآن https://t.co/VXoaFd5nxU,None,Name calling/Labeling
1390746409675235337,بكلمات مؤثرة.. مقيم يودّع زوجته وأطفاله الخمسة بعد أن قضوا في حريق #جدة. https://t.co/CY01pXci53 https://t.co/VZnmfs18aC,Loaded Language,Name calling/Labeling
1381936717180047365,متصل عبر #منتدى_الوصال: كل ما أراجع عشان التعويض كمتضرر من طريق الباطنة الساحلي يقولوا أنه الموضوع موقف من وزير الإسكان ؟؟ @housingoman https://t.co/2h0ugom2in,"Doubt, Loaded Language",Loaded Language
1398720799754829831,ينتظرهم مصير مجهول.. #الدانمارك تلغي تصاريح إقامات مئات اللاجئين السوريين https://t.co/HyHoxvzZet,"Name calling/Labeling, Loaded Language","Loaded Language, Name calling/Labeling"
1397899243088666624,"قائد الجيش ""خطّ أحمر"" وواشنطن ""راجعة""... https://t.co/XTmxYK8LgI",Name calling/Labeling,Loaded Language
1380758077801041923,"الاتفاق النووي الإيراني: واشنطن تقدم مقترحات ""جادة للغاية"" بمحادثات فيينا وتنتظر ردا ""بالمثل"" من طهران https://t.co/sm3IN5FtxM https://t.co/8MCPqc6G3B","Name calling/Labeling, Loaded Language","Loaded Language, Name calling/Labeling"
1392202199057539085,RT @AJABreaking: عاجل | هنية: أرغمنا الاحتلال على سحب متطرفيه بعيدا عن المسجد الأقصى ولا يمكن لأحد أن يتخلف عن معركة القدس,"Name calling/Labeling, Name calling/Labeling, Black-and-white Fallacy/Dictatorship, Loaded Language","Black-and-white Fallacy/Dictatorship, Loaded Language, Name calling/Labeling"
1394336921019682816,سيدة تتحدث للجزيرة بحرقة عن استشهاد زوجها في قصف لقوات الاحتلال الإسرائيلي على منزلهم في #غزة https://t.co/57uTNNTsKB,"Loaded Language, Name calling/Labeling, Loaded Language","Loaded Language, Name calling/Labeling, Smears"
1388724068241666049,"هذه إرهاصات ولادة نقابة ""الاستقلال"" .. وهكذا أزعج بنبركة علال الفاسي https://t.co/wyKkE4gXC3 #رمضان1442 #من_الأمس #الاستعمار_الفرنسي",Name calling/Labeling,"Loaded Language, Name calling/Labeling"
1395008915537018881,"🚨 #عاجل ▪️ شهود عيان: المتطرف عوفر أطلق النار تجاه سيدة فلسطينية قرب مدخل مستوطنة ""كريات أربع"" في الخليل والقى سلاحه بجانبها نفس السلاح الذي قتلها به. https://t.co/UipzfhDcg1","Name calling/Labeling, Loaded Language, Name calling/Labeling","Loaded Language, Name calling/Labeling"
1391654454034767872,مستوطن يدهس مجموعة شبان فلسطينيين أسفل باب الأسباط #القدس #القدس_ينتفض #عاجل #فلسطين_تنتفض #لن_يمر_الاقتحام https://t.co/BTepGP8KqH,"Name calling/Labeling, Loaded Language","Loaded Language, Name calling/Labeling"
1393302599143542784,"ضاحي خلفان ""على مسؤوليته"": على العرب القضاء على #حماس https://t.co/qSTDK2kYnJ",Flag-waving,Loaded Language
1391765253692723211,#عاجل .. #التحالف: محاولة المليشيا الحوثية الإرهابية الاعتداء على مطار #أبها بطريقة متعمدة جريمة حرب.,"Loaded Language, Name calling/Labeling, Loaded Language, Loaded Language, Loaded Language",Loaded Language
1392059893029421059,"مقدمة برنامج ""الحدث"": ""لا كلام يعلو فوق عزف صواريخ المقاومة.. وللمتخاذلين #فلسطين أثبتت أنها ليس بحاجة لأحد"" @samarabukhalil #فلسطين_تنتفض #غزة_تقاوم https://t.co/M9lLxMcNmm","Exaggeration/Minimisation, Loaded Language, Name calling/Labeling","Name calling/Labeling, Slogans"
1376807555490590724,اقسمنا والتزمنا وبرينا بقسمنا واحترمنا الكلمة واقول لاخونا #بدر_الدهوم إن شطب اسمك من محاضر المجلس فقد حفر بجدار المجلس ولا عزاء للمتخاذلين..... https://t.co/Flofs1Q8Ih,"Name calling/Labeling, Loaded Language","Loaded Language, Name calling/Labeling"
1302596797387468806,RT @naifalali1991: من قلبي سلامًا على بلد الاخلاق 🇸🇩🇸🇦🌹 #من_قلبي_سلام_للخرطوم #السودان https://t.co/GeNUxUFzRC,Name calling/Labeling,"Loaded Language, Name calling/Labeling"
1370419986943127552,"النظام يرفد خزينته عبر فتح ""قضايا الفساد"" والمالية تشكو احتراف المتهربين ضريبياً ..!! https://t.co/YI2QrPzqb3 https://t.co/SxPm016OKn","Loaded Language, Name calling/Labeling","Loaded Language, Name calling/Labeling"
1399085722703994883,نشطاء فلسطينيون يطلقون حملة #احذف_عدوك لمنع التفاعل مع الصفحات الناطقة بالعربية للاحتلال الإسرائيلي، والتي تستهدف بالأصل الجمهور العربي https://t.co/83N1GDysYg,Name calling/Labeling,"Loaded Language, Name calling/Labeling"
1288535396419174400,"برنامج بلا خرائط من الإخبارية السورية ,#محور_الحلقة | القرصنة الامريكية وسلامة الطيران المدني | إعداد وتقديم #حسين_مرتضى https://t.co/mE2LZSmNGs","Name calling/Labeling, Loaded Language",Loaded Language
1382700248120893452,وزير الإعلام ينعي الكاتب الصحفي المصري مكرم محمد أحمد https://t.co/Ibf5NHvY2h,None,Name calling/Labeling
1392178811001884673,RT @AJABreaking: عاجل | سرايا القدس: على أبناء شعبنا الفلسطيني النظر إلى سماء قطاع غزة وفلسطين المحتلة وهي تشع نورا ونارا,"Name calling/Labeling, Exaggeration/Minimisation, Loaded Language","Loaded Language, Name calling/Labeling"
1338463157338198019,الجنيه السوداني يحرز تقدّمًا مفاجئًا أمام العملات الأجنبية https://t.co/zwomIAwbxs,Loaded Language,"Loaded Language, Name calling/Labeling"
1382309259262709760,معز شقشوق وزير النقل واللوجيستيك : فما مافيا متاع تهريب دخان في الخطوط التونسية لازمنا نوقفوها.. #MidiShow 🎙🇹🇳 #رمضان_على_موزاييك 🌙🌟,"Loaded Language, Loaded Language","Loaded Language, Name calling/Labeling"
1385991439960600577,RT @BreakingF24_ar: 🔴 عاجل - الرئيس الأمريكي جو بايدن يعترف بالإبادة بحق الأرمن في عهد السلطة العثمانية https://t.co/QsuY2h43TH https://t.c…,Loaded Language,"Loaded Language, Name calling/Labeling"
1368003607040233472,كندا تنضم لـ هولندا بالسعي لمعاقبة نظام الأسد لقاء انتهاكاته الجسيمة لحقوق الإنسان https://t.co/7561OgIOmw,"Name calling/Labeling, Loaded Language, Loaded Language, Loaded Language, Smears","Loaded Language, Name calling/Labeling"
1359792597108224007,كان يصرخ من خلف الشاشة.. كيف تفاعل ترامب أثناء مشاهدته إجراءات محاكمته ؟ https://t.co/GxdgBFyapd,None,Loaded Language
1373628028333531137,"الائتلاف: قصف مشفى المغارة بالأتارب ""جريمة حرب وجريمة ضد الإنسانية"" https://t.co/51GeFlJYPQ https://t.co/oC7FL70nuU","Loaded Language, Loaded Language, Loaded Language, Name calling/Labeling","Loaded Language, Name calling/Labeling, Smears"
1116020831744696321,كتيبة المهرجين الناشطين: أسلوب احتجاجي جديد في تونس خدمة للقضايا العادلة [فيديو] https://t.co/QxIQrTso2g https://t.co/GzvgLQL6oG,None,"Loaded Language, Name calling/Labeling"
1369013347140636680,📌 نيابة عن رئيس الجمهورية.. سفير #الجزائر بفرنسا يسلم #الراية_الوطنية لعائلة الشهيد #علي_بومنجل https://t.co/l5jFZ7yQRh,None,Loaded Language
1398556917065293846,"""#المرور"": ضبط قائد المركبة المتهور بـ #ينبع والعقوبة في انتظاره. https://t.co/YRVM5y4g6K https://t.co/IFJ8knd0dW","Name calling/Labeling, Loaded Language, Loaded Language","Loaded Language, Name calling/Labeling"
1301213942648377344,حملة تغير مظهر المختلين عقليآ في ولاية جنوب دارفور نيالا شكرآ يا شبابنا جزاكم الله الف خير.. و تحسبونه هيناً وهو عند الله عظيم ❤️ https://t.co/0uEm4JFXOy,Name calling/Labeling,Loaded Language
1399950237406466050,#فاوتشي تلقى اتصالات في بداية #كورونا تظهر مدى الرعب والارتباك حينها https://t.co/aOOGyXDSyz #العربية,"Appeal to fear/prejudice, Loaded Language, Loaded Language","Loaded Language, Name calling/Labeling"
1396493883383689216,"فتاة تقطع مسافة 6 آلاف ميلا لكسر ""قفل حب"" خطيبها السابق https://t.co/qo7ZdvuMWw",None,"Loaded Language, Name calling/Labeling"
1392372701684240384,وسائل إعلام فلسطينية: شهيدان برصاص الاحتلال واعتقالات طاولت قيادات من حركة حماس في الضفة الغربية,Name calling/Labeling,"Loaded Language, Name calling/Labeling"
1371087250717601794,مئات الطلاب يُشيعون جثمان الطالب عبد العزيز الصادق الذي قُتل صباح اليوم داخل جامعة أمدرمان الإسلامية على عصابة من النيقرز. #السودان https://t.co/uGAnbh6qFy,"Name calling/Labeling, Name calling/Labeling, Loaded Language","Loaded Language, Name calling/Labeling"
1394588303849148418,#عاجل | مجلس حقوق الإنسان: نقص في الأدوية بنسبة 46% وفي الإمدادات الطبية بنسبة 36% مما يُهدد الحياة في غزة #عين_ليبيا https://t.co/6N44prmDKT,"Appeal to fear/prejudice, Loaded Language",Loaded Language
1399442057115090944,"""كنت بلعب معاه"".. القبض على أب علق ابنه من الطابق الرابع في القاهرة https://t.co/DEjGp4iawz",None,"Loaded Language, Name calling/Labeling"
1383736376739328005,#بيار_غالان للإذاعـة : النظام المغربي يشن حملة كذب وتضليل لتغليط الرأي العام الدولي https://t.co/RmUBYCmJxn https://t.co/HZ0i0Y8lXP,"Name calling/Labeling, Smears, Name calling/Labeling, Loaded Language","Loaded Language, Name calling/Labeling"
1273291728884285442,🔴 #المصدر: سيواجه هذا الشعب عقوباتهم بنفس العزيمة والإصرار التي هزم بها أدوات امريكا من المجموعات الإرهابية,"Name calling/Labeling, Loaded Language, Loaded Language","Loaded Language, Name calling/Labeling"
1388626928924569606,راشد الصويصات ..رحمك الله يا بطل - كتب أمجد المجالي https://t.co/Wc1v2ems58,None,"Loaded Language, Name calling/Labeling, Slogans"
1383376996869165060,الجزائر .. النفايات في قسنطينة خطر يهدد الصحة العمومية https://t.co/OUm0amqfCz,"Name calling/Labeling, Loaded Language, Loaded Language, Appeal to fear/prejudice",Loaded Language
1370744457407176706,وصفته بالظالم والمتحامل على البحرين.. جمعية الصحفيين تستنكر تقرير البرلمان الأوروبي حول حالة حقوق الإنسان في البحرين https://t.co/X80ziFfV1X,"Loaded Language, Loaded Language, Loaded Language, Name calling/Labeling, Smears",Loaded Language
1396552160612126732,RT @malekabouali1: @ALJADEEDNEWS المعطل تأليف الحكومة جبران باسيل #وهلق_شو,None,"Loaded Language, Name calling/Labeling"
1399086215094312962,RT @jeannounn: باسيل و الحريري بيتخانقوا بالعلن و ميتين تيعملوا تسوية مع بعض بترجعن عالحكم #وهلق_شو,Smears,Loaded Language
1391853102454689796,فرض حالة الطوارئ في أمريكا عقب هجوم إلكتروني استهدف خط لأنابيب الوقود #أمريكا #هجوم #هجوم_إلكتروني #وقود #أنابيب #خط https://t.co/r7qX7JpMeS,Loaded Language,"Loaded Language, Name calling/Labeling"
1397719199825473536,في يوم تكريمه.. مدرس جامعي في مصر يواجه حملة غضب عارمة.. تعرف على القصة 👇 https://t.co/TjMGGU5OMM,"Loaded Language, Loaded Language",Loaded Language
1396079538854154240,الحريري: لن اشكل الحكومة إلا كما يريدها وقف الانهيار ومنع الارتطام الكبير الذي يتهدد اللبنانيين في أكلهم وصحتهم وحياتهم ودولتهم,"Loaded Language, Loaded Language, Loaded Language","Loaded Language, Name calling/Labeling"
1358726231911505920,"مركز ""دراسات"" يحقق قفزة نوعية في تصنيف جامعة بنسلفانيا للمراكز الفكرية لعام 2020 https://t.co/tRdtudrjVl",Loaded Language,"Loaded Language, Name calling/Labeling"
1381634735387017216,"▶️ طهران تتهم تل أبيب بالوقوف وراء الهجوم ضد موقع نطنز لتخصيب اليورانيوم وتتوعد بـ ""الانتقام"" https://t.co/pdqu3XCXsb https://t.co/CVemlhB3GC","Smears, Loaded Language, Loaded Language, Black-and-white Fallacy/Dictatorship","Loaded Language, Name calling/Labeling, Smears"
1400452219334365188,"انتصار سياسي للمقاومـ ـة الفلسطينية.. حكومة جديدة في دولة الاحتلال تطيح بنتياهو.. هل انتهى عصر ""الملك بيبي""؟ https://t.co/8sjpXbJbau","Name calling/Labeling, Name calling/Labeling, Doubt",Loaded Language
1399075475495047169,"حرب بلا جنود.. الأمن العالمي في خطر بسبب ""الدرونز"" https://t.co/Ig55Ye65FJ","Name calling/Labeling, Appeal to fear/prejudice",Loaded Language
1388412887207718913,#الهند على وقع الكارثة.. فيروس #كورونا يفتك بالآلاف ومحارق الموتى في كل مكان.. كل التفاصيل في هذه الرسالة لمراسلة CNN في #نيودلهي https://t.co/l679r3OUpg @vedikas,"Loaded Language, Loaded Language, Appeal to fear/prejudice",Loaded Language
1398358441480097793,RT @AJABreaking: عاجل | وزيرة الخارجية السودانية: التعبئة الثانية لسد النهضة تشكل خطرا حقيقيا على #السودان,Loaded Language,"Loaded Language, Smears"
1393964647582162948,الخارجية المصرية: لا سلام من دون حل شامل للقضية الفلسطينية https://t.co/HzdUVwDmQ1,Black-and-white Fallacy/Dictatorship,Black-and-white Fallacy/Dictatorship
1397493137845669888,سؤال حول فينيسيوس يدخل سواريز في نوبة ضحك (فيديو) https://t.co/bN4mhUheQD,Loaded Language,Loaded Language
1352564696579190784,المملكة المتحدة تلقي بثقلها لنزع فتيل أزمة السودان وإثيوبيا #السودان #اثيوبيا #Sudan #Ethiopia https://t.co/8OpOAdYJCC,"Name calling/Labeling, Loaded Language","Loaded Language, Name calling/Labeling"
1391829661483667456,د.عبدالله باعبود @abaabood لـ #الوصال: الذي يحدث في #القدس غير منطقي وغير معقول #الاقصي_ينتفض #حي_الشيخ_الجراح #القدس_ينتفض #غزة_تحت_القصف #AlAqsaUnderAttack https://t.co/UExW1G0zKC,Appeal to fear/prejudice,Name calling/Labeling
1305531408094498821,RT @wasilalitaha: 🛑متابعة هذه الحسابات المزيفة تعطيها مصداقية وتشجع على تكاثرها واستخدامها لاحقا لبث معلومات كاذبة https://t.co/Vw1gzaDhu5,"Smears, Loaded Language","Loaded Language, Name calling/Labeling"
1398550307710377987,#أحمد_قبلان: مصالح #سوريا و #لبنان واحدة وتاريخية وأبدية https://t.co/E1yfkMQuQw,"Flag-waving, Loaded Language","Flag-waving, Loaded Language, Slogans"
1388007355628064769,"#السعودية.. تداول فيديو إطلاق نار من داخل سيارة أمام منزل ""أثار رعب سكان الحي"" والنيابة ترد.. فماذا قالت؟ https://t.co/CZZsSY0xDq","Appeal to fear/prejudice, Loaded Language","Loaded Language, Name calling/Labeling"
1374649047361986562,نشطاء يطلقون هاشتاغ #لا_للمعابر_مع_النظام، بعد المقترح الروسي لتركيا بفتح ثلاثة معابر في #ادلب و #حلب لإنعاش النظام. #شام #شبكة_شام https://t.co/pIrcDG1YUL,None,"Loaded Language, Name calling/Labeling"
1395728166220619779,#عاجل| #إسماعيل_هنية: المقاومة الباسلة سجلت نصراً عظيماً إلهياً استراتيجياً مركّباً #حماس #غزة_تنتصر #فلسطين #القدس #رؤيا_الاخباري https://t.co/auqRSdFfWf,"Name calling/Labeling, Exaggeration/Minimisation, Loaded Language, Loaded Language, Loaded Language, Loaded Language","Loaded Language, Name calling/Labeling"
1392186775062388738,#عاجل | الخارجية الأميركية: سياستنا هي أن #الضفة_الغربية محتلة وأن الوضع النهائي لـ#القدس لم يحسم بعد، وأن حركة حم.اس أنها جماعة «إرهابية» https://t.co/0ivwl8Ucwd,"Name calling/Labeling, Smears, Name calling/Labeling","Loaded Language, Name calling/Labeling"
1398804638103650306,"أول كتاب عربي ""يوثق دور السوفيت"" في قيام دولة إسرائيل https://t.co/AWxV3D3Q3N",None,Loaded Language
1393351485182914561,#عاجل: القســ.ـام تعلن قصف بئر السبع المحتلة ومدينة أسدود برشقات صاروخية، ردا على استهداف البيت الآمن في مخيم الشاطئ وارتقاء شهـــ.ـداء بالضفة #غزة https://t.co/PXMR6xiDPP,"Appeal to fear/prejudice, Loaded Language, Name calling/Labeling","Loaded Language, Name calling/Labeling"
1384220557751640083,رئيس حكومة تصريف الأعمال اللبنانية حسان دياب: #لبنان بلغ حافة الانهيار الشامل والتعقيدات تحول دون تشكيل الحكومة بعد نحو 9 أشهر على استقالة الحكومة,"Loaded Language, Loaded Language, Exaggeration/Minimisation","Loaded Language, Name calling/Labeling"
1393287593639428098,يصيب الدماغ وأسبابه غير معروفة.. مرض غامض يضرب أمريكا والإصابات في تزايد مستمر! #أمريكا #مرض #غامض https://t.co/5XfQOZfSzN,"Name calling/Labeling, Appeal to fear/prejudice, Loaded Language","Loaded Language, Name calling/Labeling"
1396063406646611975,لقطات جوية توثق الدمار الهائل في غزة.. فيديو https://t.co/sbZQNmOjO1 #عاجل #رؤيا_الإخباري #فلسطين #قطاع_غزة #غزة #غزة_تنتصر,Loaded Language,"Loaded Language, Name calling/Labeling"
1394464514741989381,"""الشارقة للفنون"" تقدم معرض ""الجثة الأجمل"" https://t.co/G4VVgT3Fmz #فن_وثقافة #24_ساعة #الأنشطة_الفنية",None,"Loaded Language, Name calling/Labeling"
869403012703420418,سوالف رياضية... هل يصلح المدرب الجديد فالفيردي لقيادة ميسي وبرشلونة؟ #Bahrain https://t.co/yj2r5a1bTa,Doubt,Name calling/Labeling
1398169170970304513,"""قيدوني وأروني مكان دفني"".. منظمة العفو الدولية توثق شهادات مروعة لانتهاكات الحوثيين https://t.co/x2lagL7nyO #عاجل","Smears, Name calling/Labeling, Loaded Language, Loaded Language",Loaded Language
1366297976985907200,ناصر جودة ينعى بلتاجي: هو بكل اختصار عقل سنفتقده #ناصر_جودة #عقل_بلتاجي #الأردن #كورونا #رؤيا_الاخباري #عاجل https://t.co/QgXeWecuci,None,Name calling/Labeling
1373356306598400013,الأمن يدعو الأردنيين والمقيمين للتبليغ عن المحتالين والمشعوذين في المملكة #الأردن #الشعوذة #السحر #الأمن_العام #رؤيا_الاخباري #عاجل https://t.co/fQBSk4NK7L,"Appeal to fear/prejudice, Name calling/Labeling, Name calling/Labeling","Loaded Language, Name calling/Labeling"
1392992127605424128,#عاجل: انتشال 4 شهداء هم أب وأولاده الثلاثة في بيت لاهيا شمال #غزة جراء قصف الاحتلال,Name calling/Labeling,"Loaded Language, Name calling/Labeling"
1399827850677702659,المحامي المتخصص في القانون الدولي مجيد بودان: رفع حقوق الملكية الفكرية عن لقاحات #كورونا يهدد الأمن الصحي على المدى البعيد #العربية https://t.co/Gnx0ac6GI9,Loaded Language,"Loaded Language, Name calling/Labeling"
1393430224344428549,#عاجل | الدفاع المدني بـ #غزة: ارتفاع عدد الشهـ ـداء في القطاع منذ بدء القصف الإسرائيلي إلى 139 بينهم 39 طفلا و22 امرأة https://t.co/PUT5udfZ3F,Loaded Language,Loaded Language
1130919030796066816,سيدة من تحت الرماد : الوثائقي في خدمة الذاكرة https://t.co/2Joq45sXVd https://t.co/iBvEYiE41n,"Obfuscation, Intentional vagueness, Confusion","Loaded Language, Name calling/Labeling"
1397957690517827584,"مسؤولة أممية تعتبر أن الضربات على غزة ""قد تشكل جريمة حرب"" https://t.co/eNNlhaS83D","Loaded Language, Smears",Loaded Language
1389157789809926145,نهاجر ولا نموت نفسنا؟ شاب مصري ينتقد غلاء المعيشة ويقارن بين إعلانات رمضان والواقع #مصر https://t.co/AiFDzrYAlb,Exaggeration/Minimisation,Loaded Language
1395693197641277441,"BTS تثير ضجة هائلة بأغنيتها الجديدة ""Butter"" #فن #السومرية #BTS_Butter https://t.co/m0Cap4d3Xd",Loaded Language,Loaded Language
1400445301169655827,#عاجل | رئيس وزراء إسبانيا بيدرو سانشيز: ليبيا تمر بمرحلة تاريخية ونريد الوقوف إلى جانبها #قناة_ليبيا,"Name calling/Labeling, Loaded Language","Loaded Language, Name calling/Labeling"
1399613809992609792,#الوصال| شركتا “أساور العقارية” و “المخطط العقارية”توقعان اتفاقية للتسويق والترويج لمشروع سوق السد https://t.co/iebuq2qi1u,None,"Loaded Language, Name calling/Labeling"
1382415460369584130,#الوصال| #شاعر_الوطن سالم بن علي الكلباني يستمع لأبنه أحمد وهو ينشد أحد قصائدة. في #بث_مباشر لـ #فوانيس_الوصال مع الدكتور المعتصم المعمري @mutasem_mamari https://t.co/EnyFlcBPpL,None,Slogans
1395451827190120457,#وليد_جنبلاط لـmtv: فلننظر الى الواقع الذي نحن ذاهبون اليه مع الانهيار الكامل للدولة وربما للأمن اذا لم نقم بتشكيل حكومة #صار_الوقت @sarelwa2et @walidjoumblatt https://t.co/GZBlwPU6L5,"Loaded Language, Appeal to fear/prejudice",Loaded Language
1395006943589195779,"عاجل| الصحة: ""استـشهــــاد مواطنة أطلق الاحتلال النار عليها في #الخليل"".",Name calling/Labeling,"Loaded Language, Name calling/Labeling"
1393514052010315781,شاهد من مجزرة #عائلة_أبو_حطب.. صرخات موجعة للأب المكلوم بعدما فقد زوجته وجميع أطفاله. https://t.co/y3BEz2JBmV https://t.co/FJ9F4oKtqt,"Loaded Language, Name calling/Labeling, Name calling/Labeling, Loaded Language, Loaded Language","Loaded Language, Name calling/Labeling"
1392507814027874339,وزير الخارجية الأميركي: العنف في منطقة الشرق الأوسط يبعدنا أكثر فأكثر عن حل الدولتين,"Loaded Language, Causal Oversimplification","Loaded Language, Name calling/Labeling"
1400504593725808640,▶️ الأزمة الاقتصادية المتفاقمة في لبنان تهدد القطاع الصحي https://t.co/5c5KgTO4ry https://t.co/bTSM1SSig3,"Appeal to fear/prejudice, Loaded Language, Loaded Language, Loaded Language","Loaded Language, Name calling/Labeling"
1389942964445712394,"وكأنها ""خيوط"" من الحرير في مصر.. جولة على شلالات وادي الريان في الفيوم https://t.co/jUmtm9SiFn https://t.co/15w4QKbCfC",None,Loaded Language
1384933648814723073,نتفليكس: انخفاض في أسهم الشركة وسط مخاوف من انتهاء الطفرة الاقتصادية الناجمة عن فيروس كورونا https://t.co/G4ZaMbj36S,"Loaded Language, Name calling/Labeling, Loaded Language","Loaded Language, Name calling/Labeling"
1395508740703535105,"📣 New Podcast! ""مزيج الخبرة والشباب.. خلطة سحرية في يورو 2020"" on @Spreaker https://t.co/gUBVytg1iK",Name calling/Labeling,"Loaded Language, Name calling/Labeling"
1371925654825009155,هلاك 80 حوثياً بجبهة ”الكسارة“ ووزير الدفاع من خطوطها الأمامية يؤكد: ”لا خوف على مأرب“ https://t.co/46qSIdLhFG,Loaded Language,"Loaded Language, Name calling/Labeling"
1383136044279869440,#الوصال| #جامعة_السلطان_قابوس ولدت كبيرة منذ البداية. سالم المسكري الأمين العام السابق لمجلس التعليم العالي لـ #فوانيس_الوصال مع الدكتور المعتصم المعمري @mutasem_mamari https://t.co/oOdLUsPr2F,None,Loaded Language
1396036329302069248,باندو.. ذكر وحيد القرن في حديقة حيوان دنفر بالولايات المتحدة، أتم 12 عاما، فقرر أن يحتفل ويعزف أغنيتة بنفسه! #حيوانات #وحيد_قرن #امريكا https://t.co/viMpv6To4A,None,Loaded Language
1399101564279836679,RT @LebaneseKataeb: الجميع ينزف والضحية واحدة اسمها الشعب والجلاد واحد اسمه تحالف المنظومة مع الميليشيا #سامي_الجميّل #وهلق_شو https://t.co…,"Name calling/Labeling, Smears, Name calling/Labeling, Loaded Language, Loaded Language",Loaded Language
1398250219674890240,وقفة مع الحدث - إسرائيل -حماس: الأطفال.. ضحايا الحرب وجوه وحكايات وليسوا أرقاما... https://t.co/PqTeveyUBx,"Name calling/Labeling, Loaded Language",Loaded Language
1370298783607758851,"""برنامج الغذاء العالمي"": السوريون يعيشون ""أسوأ ظروف إنسانية منذ بداية الأزمة"" https://t.co/jeBHujI6Ix https://t.co/KCpdaAkv4B","Loaded Language, Loaded Language",Loaded Language
1373951579485798405,#الوصال| الآن الصحفي والكاتب سهيل النهدي @s92241721 يتحدث عن استمرار #مقاطعة_الأعلاف_الحيوانية_عمان٢ ونتائجها #ساعه_الظهيرة مع محمد العلوي @mo7_3lawi https://t.co/KZ4TY4uChG,None,Loaded Language
1395952561274957835,سخروا من طريقة ركضه وهاجموه.. هذا ما حدث لجندي محتل حاول الوصول لباحة المسجد الأقصى 👇 https://t.co/Wy4cVFnpLl,"Name calling/Labeling, Loaded Language, Loaded Language","Loaded Language, Name calling/Labeling, Slogans"
1394377710592479234,كويتيو «الإرادة»: مع فلسطين.. لآخر نفس https://t.co/0mkPzEaNWA https://t.co/cp3q9wTO31,Flag-waving,Flag-waving
1395360545239404544,عاجل| جيش الاحتلال يعترف: الطائرة التي تم اعتراضها في غور #الأردن قبل أيام هي إيـــرانــيــة ومفــخــخة أطلقت من سوريا أو #العراق.,"Name calling/Labeling, Loaded Language","Loaded Language, Name calling/Labeling"
1393494304148975617,#طلال_ارسلان: تحية الى الدروز الذين اشتبكوا مع قوات الإحتلال ونتقدّم من أهل الشهيد محمد الطحان بأحرّ التعازي والنصر آتٍ @talalarslane,"Flag-waving, Name calling/Labeling","Loaded Language, Name calling/Labeling"
1396529989529612288,"#سعد_الحريري و #جبران_باسيل خصمان في السياسة.. لكنهما: ""حبوا بعضن.. تركوا بعضن""! @Naimbrj https://t.co/OgoCH1Se8G",None,"Loaded Language, Name calling/Labeling"
1400437698545041415,#عاجل المجلس القضائي: لا صحة لخبر حبس شخص لمدة 65 سنة لأجل دين مدني https://t.co/pR4qLnBsjm #صحيفة_الرأي,None,Name calling/Labeling
1390539034481414147,"في زمن ""حياة السود مهمة""... كيف ينظر سكان المستعمرات الفرنسية السابقة لنابليون الذي أعاد الرق؟ https://t.co/ZpFVMEuaLL https://t.co/PSO44luIOh","Slogans, Name calling/Labeling","Name calling/Labeling, Slogans"
1392787704782409731,عباس لوزير الخارجية الأمريكي: وضع حد للإجراءات الإسرائيلية العدوانية https://t.co/7fbK2UX2zh https://t.co/i7Jkp6o2ob,"Name calling/Labeling, Loaded Language","Loaded Language, Name calling/Labeling"
1394352672363397123,الحكومة في برّاد الانتظار: لمَ الاستعجال؟ #لبنان #حكومة_لبنان https://t.co/H2qTo91fs7 https://t.co/XErQS8mAkN,Smears,Smears
1400154496345509899,صانع أمجاد الكرة اللبنانية #عدنان_الشرقي إلى مثواه الأخير @Naimbrj https://t.co/amdnZM4MrX,"Name calling/Labeling, Exaggeration/Minimisation",Loaded Language
1368942000926560259,"هاري وميغان: الأمير ""تأثرت"" علاقته بوالده تشارلز وميغان ساورتها ""أفكار انتحارية"" - BBC News عربي https://t.co/WCLu7Sv2ef",Name calling/Labeling,"Loaded Language, Name calling/Labeling"
1180504776573882369,"#عين_اليمن طارق صالح""شعب العراق العظيم يستحق العيش بحرية https://t.co/lxfLLy0T18 https://t.co/7qhtXR6LDF","Name calling/Labeling, Loaded Language",Smears
1394250456017346560,"""يألمـــون كما نألم"": المــقـــاومة تضرب قطاعات حساسة لدى الاحتلال https://t.co/pX7SbiVCjf","Name calling/Labeling, Loaded Language, Loaded Language","Loaded Language, Name calling/Labeling"
1388585771255439371,الحزن يعم إسرائيل على ضحايا التدافع في عيد لاك بعومر وتواصل عملية تحديد هويات الضحايا https://t.co/aYBeXy3uIC,"Loaded Language, Name calling/Labeling",Loaded Language
885630660995678208,المؤتمر الصحفي المتوج لاجتماع مجلس الوزراء: https://t.co/v5uA2Duabn عبر @YouTube,None,Loaded Language
1303343846995169281,RT @ElBaladOfficial: سفارة #السودان بالقاهرة تنعى رحيل الفنانة #ستونة #صدى_البلد #البلد https://t.co/yzIufGqdsi,None,"Loaded Language, Name calling/Labeling"
1381015776954523650,بطولة إسبانيا: ريال مدريد يفوز على فريق برشلونة ويشعل سباقا مثيرا على اللقب https://t.co/4P1W4W6v5Y https://t.co/8O3dJy2bbr,"Name calling/Labeling, Loaded Language, Loaded Language",Loaded Language
1391285701228916736,محاربة المخدرات تسقط شخصا بسوابق عدلية https://t.co/gXJzy5RBpG #حوادث #24_ساعة #ترويج_المخدرات,Loaded Language,"Loaded Language, Name calling/Labeling"
1304327489347555330,فوضى القنوات الفضائية السودانية إلى متى يا سعادة وزير الإعلام @FaisalMohSalih ؟ #السودان #السودان_تعدد_الازمات https://t.co/FI8pWCQQU3,"Smears, Loaded Language","Loaded Language, Smears"
1385994806061674498,الرئيس الأمريكي #جو_بايدن يعترف بمذبحة الأرمن في العهد العثماني كإبادة جماعية https://t.co/Akw4uYY3GP,"Name calling/Labeling, Loaded Language, Loaded Language",Loaded Language
1398146848506974210,رئيس مركز كلواذا للدراسات والأبحاث باسل حسين: تمرد الميليشيات العراقية يستوجب العقاب.. وترحيل الأزمة سيؤدي إلى نتائج غير إيجابية #العراق #العربية https://t.co/lSDvuwBT6o,"Smears, Name calling/Labeling, Appeal to fear/prejudice, Name calling/Labeling, Loaded Language, Loaded Language","Loaded Language, Name calling/Labeling"
1391427247765139467,"في مسعى لتحفيز القطاع السياحي....توفير لقاحات كورونا لزوار ""قلعة دراكولا"" في رومانيا https://t.co/SrwxnKpAVl https://t.co/5TPCB9h5Ha",None,"Loaded Language, Name calling/Labeling"
1383667626560278532,كأس إسبانيا: برشلونة يسحق أتلتيكو بلباو بأربعة أهداف ويحرز لقب البطولة بعد صيام عامين https://t.co/AJIZAZrXmC https://t.co/ugwIal63il,Loaded Language,"Loaded Language, Name calling/Labeling"
1396518804746817536,رمز الشرف العربي.. نشطاء تونسيون يغيرون اسم شارع «باريس» في العاصمة إلى شارع «#غزة»، إجلالًا لانتصار القطاع وتصديه للعدوان الإسرائيلي https://t.co/Ch12KEuR08,"Name calling/Labeling, Name calling/Labeling, Loaded Language","Loaded Language, Name calling/Labeling"
1400135121001488395,رب اجعل صباحي هذا غائم بلطفك، لا شر فيه ولا وقوع ولا تعثر. #صباح_الخير https://t.co/t7ogXmnjD1 #العراق #دعاء #السومرية https://t.co/WsWPuBEnyh,None,"Loaded Language, Name calling/Labeling"
1318219973739700228,أسلحة ما بعد الحربين الثانية والباردة اشد فتكا إذا اندلعت الحرب العالمية الثالثة https://t.co/WGTMGx4HUL,"Appeal to fear/prejudice, Loaded Language, Loaded Language",Loaded Language
1339191356208517121,محمد عبو : قانون تشغيل من طالت بطالتهم غير قابل للتطبيق و تعمل بمنطق شعبوي.. انا ما نجمش الشعبوية.. #MidiShow 🎙🇹🇳,None,Loaded Language
1348604922208641025,جلالة السلطان المعظم يصدر مرسومين سلطانيين ساميين https://t.co/rHNFdLIHIe #١١يناير_نهضة_متجددة https://t.co/D2Ne1NqRy6,"Loaded Language, Name calling/Labeling","Loaded Language, Name calling/Labeling"
1333322012702420999,RT @AJABreaking: عاجل | مراسل #الجزيرة: إسرائيل تحذر الإسرائيليين من السفر للإمارات والبحرين خشية أن يكونوا هدفا لانتقام إيراني,"Smears, Appeal to fear/prejudice, Loaded Language, Name calling/Labeling","Loaded Language, Name calling/Labeling"
1326762200153927681,🎥 هيثم المجد كلمات: يوسف بن عبدالمجيد الأنصاري ألحان: عبدالله الصفراوي | غناء: المجموعة https://t.co/tIBkrFmxRg #خمسون_عاماً_نهضة_متجددة https://t.co/fIGbq9DAqT,None,Loaded Language
1388061814819278848,في السلسلة الورقية لبرنامج #مصباح تسعى نمولة لتعليم دبدوب الحكمة في مواقف لا تخلو من الطرافة والمعرفة في سلسلة الرسوم الورقية (دبدوب ونمولة) https://t.co/Z9A4nymkvJ https://t.co/pUVmJbfzp4,None,"Exaggeration/Minimisation, Loaded Language, Name calling/Labeling"
1390824602021076993,RT @AJABreaking: عاجل | الخارجية الكويتية: استفزازات الاحتلال الإسرائيلي تتطلب تحركا دوليا سريعا لوضع حد لها وحفظ حقوق الفلسطينيين,"Loaded Language, Name calling/Labeling, Name calling/Labeling","Loaded Language, Name calling/Labeling, Slogans"
1397964362548232202,الباحث في الشؤون السياسية والأمنية بسام القزويني: الحشد الشعبي يتمرد على #الكاظمي والدستور والقضاء في أزمة #قاسم_مصلح.. وفالح الفياض متواطئ أو مشارك #العراق #العربية https://t.co/SXILGQAF6C,"Name calling/Labeling, Smears, Loaded Language, Smears, Loaded Language",Loaded Language
969004031925465089,تحت الضوء يتناول واقع وتحديات الغلو والتطرف العنيف https://t.co/Fbn8kNV7FW https://t.co/8gm57kMixD,"Loaded Language, Loaded Language, Loaded Language, Name calling/Labeling",Loaded Language
1357452320787861511,"بعد الجدل الذي أثاره بتعليقاته أن النساء يتكلمن كثيرا، رئيس اللجنة التنظيمية لأولمبياد طوكيو يعتذر عن تعليقاته غير ""اللائقة"" https://t.co/7ZvtTa2mb3",Loaded Language,"Loaded Language, Name calling/Labeling"
1383539945642422276,مليشيا الحوثي تنقل ثقلها العسكري الى ”المشجح“ بعد انكسارها وفشلها في ”الكسارة“.. تفاصيل 12 ساعة حرب ضروس شهدتها الجبهة دفعت فيها المليشيا 19 نسقاً هجومياً https://t.co/xODeVMZtJe https://t.co/pftCUcV4KX,"Name calling/Labeling, Loaded Language, Name calling/Labeling, Loaded Language","Loaded Language, Name calling/Labeling"
1391954968089821187,الرئيس التركي وصف اعتداءات إسرائيل في #القدس بالإرهاب، معبرا عن إدانته بشدة الظلم الذي يطال الفلسطينيين https://t.co/rRbct3cOGx,"Name calling/Labeling, Loaded Language, Loaded Language, Loaded Language, Smears","Loaded Language, Name calling/Labeling, Smears"
1393055861401001984,تقرير يبرز تحديات الترابط الأمني بين المنطقة المغاربية والساحل الإفريقي https://t.co/5jMLFXr1c3 #خارج_الحدود #الإرهاب_والعنف #التحديات_الأمنية,Loaded Language,Appeal to fear/prejudice
1335989850160369664,وأضافت السفيرة في خطاب أمام لجنة العلاقات الخارجية في الكونكرس الأمريكي،  أنه كان لموريتانيا سجل سيئ في مجال حقوق الإنسان ترددت الحكومات المتعاقبة في معالجته.,"Smears, Name calling/Labeling",Loaded Language
1396204369142456324,عزيمتها بألف راجل.. أنهار تحدت التنمر والإعاقة واتخرجت من الجامعة وبتدور على شغل💪 https://t.co/WyjeDJ5vun,"Exaggeration/Minimisation, Loaded Language, Loaded Language, Loaded Language","Loaded Language, Name calling/Labeling"
1397477619952717828,#الأسد يدلي بصوته في دوما: آراء الغرب بالانتخابات السورية لا تساوي شيئاً #الانتخابات_الرئاسية_السورية #سوريا_تنتخب https://t.co/XWnAz65uQl,"Smears, Flag-waving","Flag-waving, Smears"
1387515797220773889,"الكاف @caf_online_AR يتذكر ويُذكر بالهدف التاريخي للدولي الجزائري #رياض_محرز ويردد "" حُطها في الجول يا رياض "" كم أنت كبير يا رياض يا محرز برافوا 👏 @Mahrez22 https://t.co/K0U7h7ioPk",Loaded Language,"Exaggeration/Minimisation, Loaded Language, Name calling/Labeling"
1395040682155429895,RT @AlArabiya_Bn: مباشر من #العربية | تريليون دولار خسائر العملات المشفرة وأحدث ضربة تأتي من الصين https://t.co/9z0nKGn12P,None,Loaded Language
1363401713990979584,الاحتجاجات تعود إلى #الجزائر وتُقلِق الرئيس,Loaded Language,Loaded Language
1396647165662015495,بناء أول منزل طيني بتقنية الطباعة ثلاثية الأبعاد بإيطاليا.. هل هذا هو مستقبل السكن؟ https://t.co/LyHRpAlaOs,Doubt,"Loaded Language, Name calling/Labeling"
1389860387600883713,د. الجارالله: استقرار الإشغال السريري والحرج - انخفاض طفيف بإيجابية مسحات الترصد الوبائي - استراتيجية التمنيع للانفتاح والعودة للحياة الطبيعية https://t.co/aGZhFauqQe https://t.co/9e0FavQneB,None,"Loaded Language, Name calling/Labeling"
1354755160023642113,"مواقع التواصل الاجتماعي ""تضر"" الصحة العقلية للمراهقين - دراسة - #وسائل_التواصل_الاجتماعي، #فيسبوك #تويتر #يوتيوب BBC News عربي https://t.co/cPausfAcbA","Smears, Loaded Language","Exaggeration/Minimisation, Loaded Language"
1396743696171868164,استشهاد شاب فلسطيني في غزة متأثرا بجروحه ليرتفع عدد شهداء العدوان إلى 249 https://t.co/J9R3GZCunU,Name calling/Labeling,Loaded Language
1294227966977875969,عن #رأس_المال الوطني الشجاع والمبادر، ودوره في دفع عجلة #الاقتصاد.. تابعوا ما قاله الرئيس #الأسد أمام أعضاء #مجلس_الشعب https://t.co/49STdd9Cwg,Loaded Language,Loaded Language
1398978037102874626,"اشكنازي من #القاهرة: استعادة أسرانا من قبضة ""#حماس"" فوق كل الاعتبارات https://t.co/sb8XPw3bMQ",Black-and-white Fallacy/Dictatorship,Loaded Language
1319663031471738880,RT @SkyNewsArabia_B: رئيس الوزراء السوداني: قرار رفع السودان من قوائم الإرهاب سيفتح الباب أمام عودته للمجتمع الدولي,Loaded Language,"Loaded Language, Name calling/Labeling"
1290992719045820423,عياض اللومي القيادي بقلب تونس : نطالب بادانة السب و الشتم و الهرسلة الي تعرضولو قيادات و نواب قلب تونس.. #MidiShow,"Loaded Language, Loaded Language","Loaded Language, Name calling/Labeling"
1396456285978124291,4916 تصريح حفر بشوارع #مكة في 9 أشهر.. هذه الجهة الأكثر عملاً. https://t.co/aUs9K3kuPZ https://t.co/XBNjrIn9Vt,None,"Loaded Language, Name calling/Labeling"
1296405056682590208,🔴 البيان: الجيش العربي السوري هو جيش سورية العظيم وجيش وحدتها وعزتها ونهضتها وهو البوصلة والمرشد بتضحياته وبطولاته,"Glittering generalities (Virtue), Name calling/Labeling, Loaded Language, Loaded Language, Loaded Language",Glittering Generalities (Virtue)
1396831800660480007,هاشم: الدعم المباشر للشعب فلسطيني واجب على حكوماتنا وشعوبنا https://t.co/a8JtHn9Yz2,Flag-waving,Flag-waving
1391808358936612866,الصاروخ الصيني، من أعطاه الإذن بالإقلاع وتهديد الكرة الأرضية؟ | #حوار_بلس @KhatibSKY https://t.co/prjCIcIbBX,"Loaded Language, Smears","Loaded Language, Name calling/Labeling"
1395344678120214528,علي الحجري رئيس لجنة السياحة بغرفة تجارة وصناعة #عمان لـ #الوصال: أتوقع أن يكون هناك توافق وقرارات جميلة من خلال مجلس الشورى ووزير التراث والسياحة https://t.co/YRmICcdVuT,Causal Oversimplification,"Loaded Language, Name calling/Labeling"
1386024412869275650,"بالفيديو.. #توب_5: #بايدن يعترف بمذابح الأرمن ""إبادة جماعية"".. والهجوم على ناقلة إيرانية https://t.co/LCgjeTzhzg","Loaded Language, Loaded Language, Name calling/Labeling","Loaded Language, Name calling/Labeling"
1399162717135573002,نفتالي بينيت.. المليونير اليميني الذي قد ينهي عصر نتنياهو https://t.co/sXuvmBeSlY,Exaggeration/Minimisation,Exaggeration/Minimisation
1374443328998113280,بالفيديو: سلسلة حوادث القتل بتزايد.. والأهالي يرفعون الصوت! شاهد هذا التقرير من #السومرية! #قتل #تعذيب #جريمة #حادث #العراق https://t.co/9spjKVH4zk,Appeal to fear/prejudice,Name calling/Labeling
1328008800230658048,أغرب جلسة تصوير لحفل خطوبة بملابس الديناصورات https://t.co/uI562ie3D2,Loaded Language,"Loaded Language, Name calling/Labeling, Slogans"
1370413777695432714,#بي_بي_سي_ترندينغ:”هولوغرام“ العندليب الأسمر يغضب عائلة #عبدالحليم_حافظ! https://t.co/seLpqQibuN,Loaded Language,"Loaded Language, Name calling/Labeling"
1298491746213670912,ترامب يحذّر من محاولة “تزوير الانتخابات” https://t.co/gTyBJkOFgW,"Smears, Doubt, Loaded Language, Loaded Language","Appeal to fear/prejudice, Loaded Language"
1396878851737853956,سيدة غاضبة تعاقب شريكها بطريقة مثيرة للضحك، بعد أن رفضت ركوبه سيارتها!.. ماذا تفعلين عندما تغضبين من زوجك؟ #روسيا #روسيا_اليوم #أخبار #صور #فيديو #زواج https://t.co/RZfyngjKfA,"Name calling/Labeling, Loaded Language","Loaded Language, Name calling/Labeling"
1395407288723193857,"القوات ترد على ""من خانته ذاكرته"": ""نظام الأسد لم يترك بيتًا في لبنان إلا ودمّره.. فإن ننسى لن ننسى"" https://t.co/E1Dn3gQuzt","Obfuscation, Intentional vagueness, Confusion, Name calling/Labeling, Smears, Repetition, Loaded Language","Loaded Language, Name calling/Labeling, Obfuscation, Intentional vagueness, Confusion, Repetition, Smears"
1394866212153221121,"أزمة #الحكومة في ""عطلة سياسية"".. وهل يخرج #سعد_الحريري عن صمته؟ https://t.co/sZai8JTgk4","Loaded Language, Name calling/Labeling, Doubt",Loaded Language
1393333115381297152,"من قال أن الحيتان مخيفة؟ .. حوت ""بيلوجا"" سيغير فكرتكم بالمرة! #غرائب https://t.co/80GIHA0LMR",Loaded Language,"Loaded Language, Name calling/Labeling"
1395413071632424965,#رامى_رضوان ناعيا #سمير_غانم: وداعا حبيبى https://t.co/dalGI28dty https://t.co/PJik5lsU5F,None,"Loaded Language, Name calling/Labeling, Slogans"
1399460476535377925,"المحلل الأمني إحسان القسيون: 47 فصيلا ولائيا يرتدون عباءة الحشد الشعبي للسيطرة على المحافظات الغربية والشمالية في العراق وفتح الطريق أمام #إيران إلى ""المتوسط"" #العربية https://t.co/TDLagDN923","Loaded Language, Name calling/Labeling","Loaded Language, Name calling/Labeling"
1396546214594744320,مسؤول أمني إسرائيلي: سنستغل أي فرصة لاغتيال #قائد_القسام حتى لو كلفنا ذلك حربا ثانية https://t.co/WCVaAU4wfe #العربية,"Black-and-white Fallacy/Dictatorship, Loaded Language, Exaggeration/Minimisation","Loaded Language, Name calling/Labeling"
1306205444470435841,عبير موسي : الي رفعوا بيا قضية يوظفوا في الحق في التقاضي لتبييض الإرهاب.. #MidiShow,"Name calling/Labeling, Loaded Language",Loaded Language
1398326525322313735,الإمارات: على المجتمع الدولي ضرورة اتخاذ موقف فوري وحاسم لوقف اعتداءات الحوثيين على السعودية.,"Loaded Language, Loaded Language, Loaded Language, Smears",Loaded Language
1274014147739516935,وين فلوس النفط يا @HadiPresident @DrMaeenSaeed @alimohsnalahmar الشعب يموت جوع https://t.co/nc5zmmzGbm,"Smears, Exaggeration/Minimisation, Loaded Language, Loaded Language","Exaggeration/Minimisation, Loaded Language, Smears"
1390879132783939584,المرصد - #الهند في عاصفة الجائحة.. أرقام قياسية في كل اتجاه وأداء الإعلام الهندي محل انتقاد وموضع تساؤل❓ الحلقة كاملة على يوتيوب: https://t.co/3D11PjM018 https://t.co/hCwyY4dkpe,"Smears, Loaded Language, Loaded Language, Doubt",Loaded Language
1371494519326310401,🔴صباغ: بذلت حكومات تلك الدول قصارى جهدها لتحريض السوريين ضد بعضهم البعض لنشر فوضى اعتبرتها خلّاقة,"Obfuscation, Intentional vagueness, Confusion, Loaded Language","Loaded Language, Name calling/Labeling, Smears"
1381578099066859532,🔴 جلالة السلطان المعظم يصدر 3 مراسيم سلطانية سامية,"Loaded Language, Loaded Language","Loaded Language, Name calling/Labeling"
1393857504099045376,"بعد حديثها عن ""عنبر الموت"".. فنانة #مصرية تخسر معركة #كورونا https://t.co/CJmN2fk3C4","Loaded Language, Loaded Language, Exaggeration/Minimisation","Exaggeration/Minimisation, Loaded Language"
1382257854984376324,حضرة صاحب السمو أمير البلاد الشيخ نواف الأحمد الجابر الصباح حفظه الله ورعاه يستقبل سمو الشيخ صباح خالد الحمد الصباح رئيس مجلس الوزراء /كونا #الكويت,None,"Exaggeration/Minimisation, Loaded Language, Name calling/Labeling"
1388222625990774788,وافقت ألمانيا على إعادة بعض القطع الأثرية التاريخية إلى نيجيريا بحلول العام المقبل، التي نهبت خلال الحقبة الاستعمارية.,"Name calling/Labeling, Loaded Language, Loaded Language","Loaded Language, Name calling/Labeling"
1397470041512235013,#الأسد: ما تقوله الدول الغربية لا يساوي شيئا https://t.co/jEIjLCKngc,"Loaded Language, Name calling/Labeling, Smears",Loaded Language
1349634468806619136,🔴 د. أمل المعني : التطورات الملاحظة في الفيروس لم تغير من شدته ولله الحمد.,Loaded Language,Loaded Language
1398549391917699072,قفزات ماراثونية #للدولار يقابلها عجز #حكومي وغضب #شعبي #اقتصاد #العراق #السومرية https://t.co/rqfAgAJFKz,"Loaded Language, Loaded Language, Smears, Loaded Language","Loaded Language, Smears"
1281547291510308864,شقيق الشهيد أحمد الخير: متمسكون بالقصاص https://t.co/BjThEBIeLC,"Loaded Language, Loaded Language, Black-and-white Fallacy/Dictatorship",Name calling/Labeling
1396704985929371652,الجبهة المدنية الوطنية: إعادة إنتاج خطاب الحرب الّلبنانيّة خبيث @CNFLeb https://t.co/1fmrgaqj8S https://t.co/tTPvJv9GyL,"Smears, Loaded Language","Loaded Language, Smears"
1383859369213792259,#الوصال| أغلب الدوريات قائمة في الدول الأخرى لماذا الإيقاف في #السلطنة فقط؟؟ فوزي بشير لاعب المنتخب السابق لـ #فوانيس_الوصال مع الدكتور المعتصم المعمري @mutasem_mamari https://t.co/N6YtfOQ44l,Doubt,Loaded Language
1396412593007439872,بالتزامن مع اقتحام المستوطنين.. شرطة الاحتلال تعتدي على المتواجدين داخل ساحات المسجد الأقصى صباح اليوم https://t.co/f2B778dyzL,"Loaded Language, Name calling/Labeling, Name calling/Labeling, Smears, Loaded Language","Loaded Language, Name calling/Labeling, Smears"
1394328352350220290,الإسعاف المصري تنقل 3 مصابين من #غزة إلى مستشفى العريش العام جراء عدوان الاحتــ ــلال على القطاع، بعد عبورهم من معبر رفح، بحسب صحف محلية https://t.co/dz5Bp5kiNZ,"Name calling/Labeling, Loaded Language",Loaded Language
1396363789818236937,هولندا تكرم جنودا مغاربة عربون وفاء للتضحيات ضد النازية والفاشية https://t.co/eJFDDEUvbu #مغاربة_العالم #الجنود_المغاربة #الحرب_العالمية_الثانية,"Loaded Language, Loaded Language, Loaded Language, Loaded Language, Name calling/Labeling","Loaded Language, Name calling/Labeling"
1397504137281953800,#عاجل #وزير_التعليم: نتطلع لتخريج المواطن السعودي ليكون منافسًأ عالميًا.,Name calling/Labeling,"Loaded Language, Name calling/Labeling"
1397078228783833088,"تغريدة جديدة لإيلون ماسك تعيد ""بيتكوين"" لمسار الخسائر https://t.co/QuMfE9lxgR #العربية",Loaded Language,"Loaded Language, Name calling/Labeling"
1325408057313071104,الاحداث في #اثيوبيا تتسارع بشكل خطير : رئيس الوزراء أبي أحمد يقيل وزير الخارجية ورئيس المخابرات وقائد الجيش,"Loaded Language, Appeal to fear/prejudice","Loaded Language, Name calling/Labeling"
1393178758811639808,صورة الشــهـــيد موسى مــاضــي الذي ارتقــى بعد قصــف دراجته في مدينة رفح، قبل قليل. #GazaUnderAttack #غزة_تحت_القصف https://t.co/gT0YTGCtKh,Loaded Language,"Loaded Language, Name calling/Labeling"
1377303626306224131,الحكومة الكويتية تؤدي القسم في برلمانية عاصفة وقرارات قوية ومهمة في طريقها https://t.co/uileuTc1KG,"Name calling/Labeling, Loaded Language, Loaded Language",Loaded Language
865607258281037824,رغم تعهدّات السلط الجهوية: الرديّف عطشى منذ أكثر من أسبوعين https://t.co/HZY7GcEJMJ https://t.co/qF8VC0UD70,None,"Loaded Language, Name calling/Labeling"
1391249067552907265,اكتشاف مذهل للغاية.. أقدم دفن بشري في أفريقيا لطفل يبلغ من العمر 3 سنوات https://t.co/9vf0EnLEj2,Loaded Language,"Loaded Language, Name calling/Labeling"
