original_text,actual_techniques,predicted_techniques
رئيس كارثه اللهم عجل بزواله ,"['Loaded Language', 'Smears']",['Loaded Language']
"""التخاذل"" والحرس القديم .. رجّات تضع الرجاء خارج منافسات كأس العرش    ",['Loaded Language'],['Loaded Language']
 هذا ماتبقي من مليشيا الحوثي التي حاولت التسلل الي مواقع الجيش الوطني. لاتزال جثثهم في الشعاب بعد ان تركهم رفاقهم. ,['Name calling/Labeling'],['Loaded Language']
عاجل | إعلام عبري: مقتل مستوطنة يهودية، متأثرة بجروح أصيبت بها، يوم الثلاثاء الماضي أثناء هروبها بعد انطلاق صفارات الإنذار. ,['Name calling/Labeling'],"['Doubt', 'Loaded Language']"
"رئيس الأسوشيتد برس ""مصدوم"" بعد تدمير  ",['Loaded Language'],['Loaded Language']
ولد مولود: النظام قزم  المعارضة و نتائجنا صادمة ,"['Exaggeration/Minimisation', 'Loaded Language']","['Loaded Language', 'Name calling/Labeling']"
أزمة الجامعة العمومية في تونس: أساتذة في العراء، حكومة متملصة وشهادات ”كرتونية“  ,"['Loaded Language', 'Name calling/Labeling', 'Smears']","['Loaded Language', 'Smears']"
"""باسيل"" يصف معترضي المسيرة الموالية للأسد في لبنان بـ ""النازيين"" ","['Loaded Language', 'Name calling/Labeling']","['Appeal to fear/prejudice', 'Loaded Language', 'Smears']"
"بعد 16 عاماً.. صورة ""الفتاة الكارثة"" تحصد نصف مليون دولار.  ",['Loaded Language'],['Loaded Language']
"""مخالب""  تستنزف  ماذا يفعل ""النازح الناخب""؟!  السورية ","['Appeal to fear/prejudice', 'Doubt', 'Loaded Language', 'Name calling/Labeling']","['Appeal to fear/prejudice', 'Doubt', 'Loaded Language', 'Name calling/Labeling', 'Slogans']"
عباس: القدس خط أحمر ولا سلام دونها  ,['Black-and-white Fallacy/Dictatorship'],['Glittering generalities (Virtue)']
موسى: الطفولة البريئة المحاصرة أضحت شهيدة الصلف الإسرائيلي ,"['Loaded Language', 'Name calling/Labeling']",['Loaded Language']
 | أبو عبيدة للاحتلال: احشدوا ما شئتم من قوات، فقد أعددنا لكم أصنافاً من الموت ستجعلكم تلعنون أنفسكم وليس لكم منا إلا السيف والنار,"['Appeal to fear/prejudice', 'Loaded Language', 'Name calling/Labeling']","['Appeal to fear/prejudice', 'Exaggeration/Minimisation', 'Loaded Language']"
تونس: هجرة غير شرعية وهجرة الأدمغة، وجهان لعملة واحدة  ,"['Causal Oversimplification', 'Exaggeration/Minimisation', 'Loaded Language', 'Name calling/Labeling']","['Appeal to fear/prejudice', 'Causal Oversimplification', 'Exaggeration/Minimisation', 'Loaded Language']"
نبيه بري: لبنان في خطر وسيغرق مثل سفينة تيتانيك  ,"['Appeal to fear/prejudice', 'Exaggeration/Minimisation', 'Loaded Language']","['Appeal to fear/prejudice', 'Exaggeration/Minimisation', 'Loaded Language']"
أحمد الأنصاري يؤكد: لا خوف على العنابي أمام الهند ,[],"['Glittering Generalities (Virtue)', 'Obfuscation, Intentional vagueness, Confusion']"
"بوتين خلال لقاء لوكاشينكو: الأوضاع حول حادث هبوط طائرة ""Ryanair"" انفجار عاطفي ",['Loaded Language'],['Loaded Language']
"فيروس كورونا: هل تسير باكستان على خطى الهند وتواجه ""مصيراً مشؤوماً"" قريباً؟ ","['Doubt', 'Loaded Language']","['Doubt', 'Loaded Language']"
 |  بـ  يطلع نواب  والسياسيين على تطورات العدوان الغاشم للتفاصيل.. ,['Loaded Language'],['Loaded Language']
"""الشبح"" أرعب  10 سنوات و  تقبض عليه  ","['Loaded Language', 'Obfuscation, Intentional vagueness, Confusion']",['Loaded Language']
 الأمم المتحدة: انهيار اتفاق الرياض ضربة لليمن  ,['Loaded Language'],['Glittering generalities (Virtue)']
" مدير ""الحسين للسرطان"" محذرا من تفشي كورونا في  ""موضع لا نتمناه""   ","['Appeal to fear/prejudice', 'Loaded Language']","['Appeal to fear/prejudice', 'Loaded Language']"
كارثة في  والوفيات بالآلاف يومياً.. خبراء يرجحون أن حالات  أعلى بكثير من المعلن.. تقرير يسلط الضوء ,"['Doubt', 'Loaded Language']","['Appeal to fear/prejudice', 'Loaded Language', 'Name calling/Labeling', 'Smears']"
فل يلعنك التاريخ ويلعنك اليمنيين على ماخذلتهم ,"['Loaded Language', 'Repetition', 'Smears']",['Loaded Language']
آثار البركان المدمر في جمهورية  الديمقراطية ,['Loaded Language'],['Loaded Language']
🔴لافروف : يمنعون وصول المساعدات إلى اللاجئين السوريين وهذا نهج غير إنساني,"['Loaded Language', 'Name calling/Labeling']","['Name calling/Labeling', 'Smears']"
  ثورة شعب صنعت تاريخة احتفلوا به ايه اليمانيون واذلوا انف عبيد الطغاه والامامة ,"['Loaded Language', 'Name calling/Labeling']",['Loaded Language']
 خيار المقاومة انتصار في سبيل الدفاع عن كرامة الإنسان ,['Loaded Language'],"['Doubt', 'Name calling/Labeling', 'Smears']"
"مع تصوير مسلسل لتلميع صورة إجرامه .. وزير إعلام النظام: نرد على ""شيطنة الجيش"" بإظهاره كـ""إنسان"" ..!! ","['Loaded Language', 'Name calling/Labeling', 'Smears']","['Loaded Language', 'Name calling/Labeling']"
"""وفاة الملكة إليزابيث"".. خطأ فادح لمذيع بريطاني شهير على الهواء  ","['Loaded Language', 'Name calling/Labeling']","['Appeal to fear/prejudice', 'Loaded Language']"
إحباط محاولة إدخال مخدرات لسجن بير أم غرين ,['Loaded Language'],['Loaded Language']
"""يويفا"" يبدأ بإجراءات انضباطية ضد الثلاثي ""الانفصالي"" ريال مدريد وبرشلونة ويوفنتوس ",['Name calling/Labeling'],"['Appeal to fear/prejudice', 'Loaded Language']"
| الفلاحين الصغار في  و  إنتفاضة علف  ➡️  📸 Malek Khemiri ,"['Loaded Language', 'Name calling/Labeling']","['Loaded Language', 'Name calling/Labeling']"
"📌تحت شعار "" الذاكرة تأبى النسيان""..انطلاق الاحتفالات المخلدة للذكرى 76 ل  من   ",['Loaded Language'],['Loaded Language']
"نتنياهو: اعضاء تحالف بينيت ولابيد ""يساريون خطيرون""  ","['Loaded Language', 'Name calling/Labeling', 'Smears']",['Loaded Language']
الأخ الكبير  لـ  ولدت في  قبل 40 عاماً  ,[],"['Loaded Language', 'Name calling/Labeling']"
  مجموعة السبع: ندين الفظائع المستمرة التي يرتكبها نظام الأسد وداعموه ضد الشعب السوري ومحاولاته عرقلة وصول المساعدات الإنسانية إلى ,"['Loaded Language', 'Name calling/Labeling', 'Smears']","['Loaded Language', 'Name calling/Labeling', 'Smears']"
"ابنتها تفجر مفاجأة: الفنانة "" لم تمت بـ    ",['Loaded Language'],['Loaded Language']
RT : عاجل | وزارة الزراعة في غزة: نحذر من كارثة في قطاع الإنتاج الحيواني بسبب رفض الاحتلال إدخال الأعلاف والحبوب,"['Appeal to fear/prejudice', 'Loaded Language', 'Name calling/Labeling']","['Appeal to fear/prejudice', 'Loaded Language', 'Name calling/Labeling']"
رغم أن معظمها محلية الصنع أثارت صواريخ المقاومة الذعر في الاحتلال الإسرائيلي ورسمت لوحة فنية فوق سماء غزة قبل وصولها لهدفها في  اليوم ,"['Loaded Language', 'Name calling/Labeling']","['Loaded Language', 'Name calling/Labeling']"
زهير المغزاوي الأمين العام لحركة الشعب : الي يحب يسحب الثقة من الحكومة يمشي للبرلمان يجيب 109 نائب و يسحب على روحو..  🇹🇳🌐,[],['Loaded Language']
ستكشف مكان جثة والدها وخيانة أدت لمقتل شقيقيها.. ما لا تعرفه عن رغد صدام حسين ومن هو زوجها؟ ,['Loaded Language'],"['Doubt', 'Loaded Language']"
 يخطف تعادلًا دراميًا من بين أنياب   ,"['Loaded Language', 'Name calling/Labeling']",['Loaded Language']
من خيال إلى فشل.. هذا كل ما قد تحتاج معرفته عن دوري السوبر الذي هز عالم كرة القدم وأثار استياء كثيرين حول العالم ,"['Exaggeration/Minimisation', 'Loaded Language']",['Loaded Language']
الرئاسة التونسية تصف مزاعم الانقلاب بـ«المسرحية سيئة الإخراج»  ,"['Doubt', 'Name calling/Labeling', 'Smears']","['Loaded Language', 'Name calling/Labeling']"
🎥  | موهوب يجمع بين عذوبة الصوت وعمق الإحساس | مرشد بن عامر البداعي  ,[],['Name calling/Labeling']
مجزرة حولت حيّا مزدهرا للأميركيين السود إلى أنقاض.. بايدن يستذكر مذبحة تولسا بعد مئة عام على حدوثها ,['Loaded Language'],"['Appeal to fear/prejudice', 'Loaded Language', 'Smears']"
الامارات تستخدم وزراء ”الانتقالي“ في الحكومة لتعطيل ميناء ”قنا“ وسلطات شبوة تحذر من أي ”تصرف أحمق“ يمس الميناء وتتوعد بـ”رد قاس ومؤلم“ ,"['Loaded Language', 'Name calling/Labeling']","['Appeal to fear/prejudice', 'Doubt', 'Loaded Language']"
نواة في دقيقة : الأسلاك الشائكة تهدد حرية التجمع و التظاهر السلمي ,['Loaded Language'],['Loaded Language']
عاجل| مصادر محلية: ارتقــاء شــهــيد وإصابة آخرين بقصـــف للاحتلال شمال بيت لاهيا شمال قطاع  ,"['Loaded Language', 'Name calling/Labeling']","['Loaded Language', 'Name calling/Labeling']"
النقاش - نابوليون: شخصية جدلية في المخيلة العالمية ,['Name calling/Labeling'],['Loaded Language']
🔴 المصدر:  تؤكد على أن نتيجة هذه الانتخابات تمثل هزيمة لنهج الغطرسة والهيمنة الذي تمارسه الولايات المتحدة,"['Loaded Language', 'Smears']","['Doubt', 'Loaded Language', 'Name calling/Labeling']"
 يستحقون القتل مئة مرة وليس مرة واحدة .. طالع الجريمة التي ارتكبوها. لن يتعاطف منهم الا شخص غير سوي عقلياً.,"['Exaggeration/Minimisation', 'Loaded Language']","['Appeal to fear/prejudice', 'Loaded Language', 'Name calling/Labeling']"
"لأول مرة.. الحشود الأردنية تكسر الطوق الأمني على الحدود وتواصل الزحف نحو الأراضي الفلسطينية المحتلة، بعدما هتف آلاف المتظاهرين ""افتحوا الحدود"" ","['Loaded Language', 'Name calling/Labeling', 'Slogans']","['Doubt', 'Loaded Language', 'Name calling/Labeling', 'Smears']"
"برعاية ""الإسلامي السوري"".. قوى سياسية وعسكرية وهيئات ومنظمات تصدر وثيقة لرفض مهزلة الانتخابات ",['Loaded Language'],"['Loaded Language', 'Name calling/Labeling', 'Smears']"
يواجهون المصائب وحدهم! ابتسامة الشاب الحامل جرة الغاز تذيب الحجر 💔 قلوبنا مع  وأهله💔   ,['Loaded Language'],"['Appeal to fear/prejudice', 'Loaded Language']"
استغراب إصلاحي لموقف الناصري والاشتراكي من قرارات الرئيس.. هل تواجدكم في مؤسسات الدولة خرق فاضح للدستور؟  ,['Doubt'],"['Doubt', 'Loaded Language']"
"الأردن يطالب بإنهاء ""الظلم التاريخي الذي يتعرض له الشعب الفلسطيني""   ",['Loaded Language'],['Loaded Language']
رسميا : بلاغ الحكومة المغربية حول إجراءات شهر رمضان   ,['Slogans'],"['Loaded Language', 'Name calling/Labeling']"
تابعوا في هذا التقرير لـCNN قصة انهيار النظام الصحي في  أثناء موجة ثانية مرعبة لفيروس  ماذا عن الأرقام الحقيقية؟ وماذا يقول الأهالي؟  ,"['Doubt', 'Loaded Language', 'Name calling/Labeling']",['Loaded Language']
RT : يلي محتلين البلد حولوا الدولة لغنيمة بيتقاسموها. البلد محتل، قبل  بدنا نحرر البلد,"['Flag-waving', 'Loaded Language', 'Name calling/Labeling', 'Repetition', 'Slogans']","['Flag-waving', 'Loaded Language', 'Name calling/Labeling', 'Repetition', 'Slogans']"
صحيفة أمريكية تودع قراءها: «استمتعوا بهواتفكم الحقيرة» - صحراء ميديا ,"['Loaded Language', 'Name calling/Labeling']","['Loaded Language', 'Name calling/Labeling']"
عاجل| ســرايــــا  الــعـــدو باستمرار عـــدوانه وارتكابه لمجـــزرة مخيم الشاطئ وهدم المباني والأبراج المدنية يرتكب حمــاقة سيـــدفع ثمنها غالياً غالياً.,"['Appeal to authority', 'Loaded Language', 'Name calling/Labeling']","['Appeal to authority', 'Loaded Language', 'Name calling/Labeling']"
"نشطاء في لبنان يتظاهرون مطالبين بقطع العلاقات مع إيران ""النظام السوري حسود وحقود"" ","['Loaded Language', 'Name calling/Labeling', 'Smears']","['Appeal to fear/prejudice', 'Loaded Language', 'Name calling/Labeling']"
"فيديو ""مروّع"" من السعودية.. ""مفحط"" يفقد السيطرة ويدهس الخارجين من صلاة العيد ",['Loaded Language'],"['Appeal to fear/prejudice', 'Loaded Language']"
خسىء المتملقون وأخطأ الواهمون… قيس سعيد ليس ثوريا  ,"['Loaded Language', 'Name calling/Labeling']","['Appeal to fear/prejudice', 'Loaded Language']"
"وصفتها بـ""المشينة والعنصرية"".. الإمارات تستنكر تصريحات الوزير اللبناني وهبة  ",['Loaded Language'],['Loaded Language']
المطير: تأجيل الاستجوابات المستقبلية.. تنقيح شيطاني للدستور  ,"['Loaded Language', 'Name calling/Labeling']",['Loaded Language']
حريق مبيت معهد تالة: إهمال، شبهة فساد وأزمة ثقة [فيديو]  ,"['Doubt', 'Loaded Language']","['Loaded Language', 'Name calling/Labeling', 'Smears']"
حوار مع أمين غالي حول شيطنة المنظّمات المتمتّعة بتمويل أجنبي ,"['Loaded Language', 'Name calling/Labeling']","['Loaded Language', 'Name calling/Labeling']"
"نتانياهو: من يعتدي علينا سيدفع ""ثمنا باهظا"" ","['Appeal to fear/prejudice', 'Loaded Language']",['Loaded Language']
تعرف على السر الذي يجعل البعوض يختار ضحاياه بشراهة  ,"['Exaggeration/Minimisation', 'Loaded Language']","['Appeal to fear/prejudice', 'Loaded Language']"
 | مفوضية الأمم المتحدة لحقوق الإنسان: ما يجري في  قد يرقى إلى جريمة حرب ,"['Loaded Language', 'Smears']","['Doubt', 'Obfuscation, Intentional vagueness, Confusion', 'Smears']"
استقطاع الرواتب يدفع الموظفين الى المطالبة بحكومة ليست متورطة بالفساد والمحسوبية ,"['Loaded Language', 'Smears']","['Loaded Language', 'Name calling/Labeling']"
RT :  سيطرة المقاومة الجنوبية على كامل مديرية خنفر أبين الفيديو لابطال المقاومة في جعار بجانب جبل خنفر ,['Name calling/Labeling'],"['Appeal to fear/prejudice', 'Loaded Language', 'Name calling/Labeling']"
المطير: بيان الخارجية يبين الوجه التعيس لهذه الحكومة التي وجب عليها الرحيل - الكويت صاحبة المبادئ والقيم تستحق الافضل  ,"['Loaded Language', 'Smears']","['Loaded Language', 'Name calling/Labeling']"
الصحة العالمية: قضية منشأ فيروس كورونا المستجد مسممة بالسياسة ,"['Doubt', 'Loaded Language']","['Appeal to fear/prejudice', 'Loaded Language']"
 الجالية اليمنية في ماليزيا تحذر من شركات توظيف الأموال.  ,['Loaded Language'],"['Appeal to fear/prejudice', 'Loaded Language']"
هيئة كبار العلماء بالسعودية تصدر بيانا مفاجئا بخصوص تصريحات ولي العهد محمد بن سلمان  ,['Loaded Language'],['Loaded Language']
"""حط السيف قبال السيف، واحنا رجال محمد ضـ يــ ف"" مظاهرة فلسطينية حاشدة في طولكرم بالضفة الغربية ضمن فعاليات  ","['Loaded Language', 'Slogans']","['Loaded Language', 'Obfuscation, Intentional vagueness, Confusion', 'Slogans']"
باسم عوض الله: من محرك للإصلاح الاقتصادي في الأردن إلى سجين - BBC News عربي ,['Name calling/Labeling'],"['Appeal to fear/prejudice', 'Doubt', 'Loaded Language']"
الرئيس الموريتاني: لا توجد دولة في العالم راضية عن تعليمها، والتعليم في العالم كله يعاني من مرض.,"['Causal Oversimplification', 'Exaggeration/Minimisation']","['Appeal to fear/prejudice', 'Exaggeration/Minimisation', 'Loaded Language', 'Name calling/Labeling']"
🔴 المصدر : لقد دأبت بريطانيا وبتعليمات من سيدها في البيت الأبيض على إعاقة الجهود الرامية لمكافحة الإرهاب وإفشال أي تحرك جاد للخروج من الأزمة الراهنة,"['Loaded Language', 'Name calling/Labeling', 'Smears']","['Causal Oversimplification', 'Loaded Language', 'Name calling/Labeling']"
RT : البديل انتفاضة على القضاء و النظام المالي و ؤمراء الحرب ,['Loaded Language'],"['Loaded Language', 'Name calling/Labeling']"
جوهرة سعودية على الشاطىء.. نظرة على أفضل ملاعب الغولف في العالم ,"['Exaggeration/Minimisation', 'Name calling/Labeling']","['Appeal to fear/prejudice', 'Loaded Language', 'Name calling/Labeling']"
 و  القضية الفلسطينية تبقى هي البوصلة للأمة وأحرار العالم ,"['Exaggeration/Minimisation', 'Name calling/Labeling']",['Name calling/Labeling']
لاجئة إثيوبية بمعسكر أم راكوبة تحكي مأساتها مع الحرب الدائرة في   ,['Loaded Language'],['Loaded Language']
"لجنة العلاقات الخارجية في البرلمان الأوروبي تلتقي ""العبدة"" والأخير يؤكد على أربع نقاط ",[],"['Loaded Language', 'Smears']"
"""البريميرليغ"" يبوح بكافة أسراره.. ليفربول وتشيلسي يحجزان بطاقتيهما إلى دوري أبطال أوروبا ",['Exaggeration/Minimisation'],['Loaded Language']
الناطق الإعلامي باسم حماس في القدس محمد حمادة في مقابلة خاصة مع قناة الأقصى الفضائية: على الأمة العربية والإسلامية نصرة  والأقصى بأسرع وقت.,['Flag-waving'],['Loaded Language']
الوفد الطبي المصري يزور مستشفى يونيفرسال لتقييم حالات مصابي ثورة ديسمبر المجيدة تمهيداً لعلاجهم في  .  ,"['Loaded Language', 'Name calling/Labeling']","['Loaded Language', 'Name calling/Labeling']"
"الإعتراف سيد الأدلة حكومة إقليم أوروميا تعترف أن محافظة ""هرو غودرو""Horro guduroo خارج سيطرتها ... أى أن جبهة تحرير أوروميا سيطرت عليها بالكامل. ",['Loaded Language'],"['Appeal to fear/prejudice', 'Loaded Language']"
رعب جديد.. بعد الأسود والأبيض، ظهور فطر أصفر أكثر فتكا في الهند    ,"['Appeal to fear/prejudice', 'Loaded Language', 'Obfuscation, Intentional vagueness, Confusion']","['Appeal to fear/prejudice', 'Loaded Language', 'Name calling/Labeling', 'Smears']"
 رؤيا: إصابات بالإغماء في صفوف المشاركين بمسيرة الحدود الأردنية الفلسطينية       ,[],"['Loaded Language', 'Name calling/Labeling']"
"""بايدن"" يهدّد صحفياً سأله عن الأزمة الفلسطينية بـ""الدهس"": أمزح معك.  ","['Exaggeration/Minimisation', 'Loaded Language']","['Appeal to fear/prejudice', 'Loaded Language', 'Name calling/Labeling']"
 | الأحد 30 مايو 2021م ,[],['Loaded Language']
كتائب الشهيد أبو علي مصطفى تواصل قصف مستوطنات ومواقع وحشودات الاحتلال في غلاف غزة بالصواريخ وقذائف الهاون ردا على استمرار العدوان على شعبنا,"['Loaded Language', 'Name calling/Labeling']",['Name calling/Labeling']
وزير الداخلية لطفي براهم، العدوّ الأول لحرية التعبير في تونس  ,"['Loaded Language', 'Name calling/Labeling', 'Smears']","['Loaded Language', 'Name calling/Labeling']"
سفارة أمريكا بتونس: مقتل فلويد.. والحقائق الموجعة عن العنصرية والظلم(صور) ,['Loaded Language'],"['Loaded Language', 'Name calling/Labeling']"
«لَيْلَةُ الْقَدْرِ خَيْرٌ مِّنْ أَلْفِ شَهْر».. كلمات من ذهب قالها الإمام الشعراوي في وصف  ,['Name calling/Labeling'],['Doubt']
"عياض اللومي القيادي بقلب تونس : بانو منطق نقولو قلب تونس نتحالف مع النهضة ؟ بمنطق ""الكذب و السفه"" ؟ ","['Doubt', 'Loaded Language']",['Loaded Language']
لم يمثل أي تهديد.. الشرطة الإسرائيلية تعتدي بوحشية على شاب في مدينة أم الفحم خلال اعتقالها آخر ,"['Loaded Language', 'Smears']","['Doubt', 'Loaded Language', 'Smears']"
مشاهد مرعبة لمرضى كورونا من غرف العناية المركزة في الأردن.. فيديو    ,['Loaded Language'],"['Appeal to fear/prejudice', 'Loaded Language', 'Name calling/Labeling']"
▶️ قصف على غزة ومتطرفون يهود يهاجمون الأقلية العربية في يافا وطبرية ومدن إسرائيلية  ,"['Loaded Language', 'Name calling/Labeling', 'Smears']","['Loaded Language', 'Name calling/Labeling']"
"""عالقدس رايحين..ِشـــهــداء بالملايين"".. تظاهرات حاشدة للأردنيين نصرة لغزة والقدس..   ","['Loaded Language', 'Slogans']","['Doubt', 'Loaded Language']"
البرلمان العربي: نتضامن مع المملكة إزاء الهجمات الحوثية الإرهابية، ونقف معها في صف واحد ضد كل تهديد يطال أمنها واستقرارها.,"['Loaded Language', 'Name calling/Labeling']","['Loaded Language', 'Name calling/Labeling', 'Smears']"
"حوار مع نسرين جلالية (منظمة البوصلة): ""الارتجال البرلماني عَطّل تركيز المحكمة",['Name calling/Labeling'],"['Appeal to fear/prejudice', 'Loaded Language', 'Name calling/Labeling']"
"تشيلسي والسيتي .. ""الانشقاق"" يهدد عصبة السوبر الأوروبي ","['Loaded Language', 'Name calling/Labeling', 'Obfuscation, Intentional vagueness, Confusion']",['Loaded Language']
"الخوذ البيضاء"": الاستهتار الدولي تجاه استخدام الأسد للأسلحة الكيماوية غير مفهوم ولا يمكن تبريره ","['Loaded Language', 'Name calling/Labeling', 'Smears']","['Loaded Language', 'Name calling/Labeling', 'Smears']"
استطلاعات... هزيمة فادحة للمحافظين بقيادة ميركل في نتائج الانتخابات بولايتين ألمانيتين,['Loaded Language'],"['Loaded Language', 'Name calling/Labeling']"
 | الرئيس التونسي قيس سعيد: تراب ليبيا امتداد لتراب وتونس وتاريخنا حافل بمظاهر الوحدة ,['Flag-waving'],"['Appeal to fear/prejudice', 'Loaded Language']"
تسريبات جديدة تكشف تجسس واشنطن على حلفائها     ,"['Loaded Language', 'Smears']",['Loaded Language']
 الواسطة، المحسوبية، الرشوة عوامل هدامة لأي تقدم . برنامج نزاهة بالتعاون مع  يسلط الضوء على هذه العوامل وأهمية محاربتها من قبل الجميع ,['Loaded Language'],['Loaded Language']
"""100 مليون مصري لو عطسوا على إسرائيل بيطيروها"".. بكل قوة وعزة فلسطينية تواجه قوات الاحتلال بحي الشيخ جراح بالقدس المحتلة بكلماتها القوية ","['Exaggeration/Minimisation', 'Loaded Language', 'Name calling/Labeling']","['Appeal to fear/prejudice', 'Exaggeration/Minimisation', 'Loaded Language', 'Name calling/Labeling']"
صاحبة أكبر فم بالعالم تستطيع تناول شطيرة كاملة بسهولة كبيرة وسرعة قياسية!  ,[],['Loaded Language']
حقق الملاكم الأمريكي فوزا صادما على البطل الأسطوري، محمد علي كلاي، عام 1978، في المباراة الثامنة التي يخوضها كلاعب محترف. ,"['Loaded Language', 'Name calling/Labeling']",['Loaded Language']
الصقعبي: هي ليست مستوطنات هي مستعمرات - هي ليست القدس الشرقية هي القدس بكامل أجزائها -هي ليست اسرائيل هي  المحتل !  ,['Name calling/Labeling'],['Doubt']
غباء الكيزان لابسين نفس الكاب ويهتفو جمب بعض والله تاني الا تمشوا بلد تاني 😂😂😂😂     ,['Smears'],"['Appeal to fear/prejudice', 'Loaded Language', 'Name calling/Labeling']"
زعماء المعارضة البريطانية يسخرون من ماي لرفضها المشاركة في مناظرة قبيل الانتخابات  ,"['Loaded Language', 'Name calling/Labeling']",['Loaded Language']
"الجامعة تطالب الحكام بتجاوز الاستخفاف بـ""الفار""    ","['Loaded Language', 'Name calling/Labeling']","['Loaded Language', 'Name calling/Labeling']"
"وسط توتر في العلاقات بين البلدين..  تعلن اعتقال قنصل  في  ""متلبساً"" ",['Loaded Language'],['Loaded Language']
خطابات النواب بتفش الغُل .. بس كالعادة ما طلعهم معهم شي    ,['Smears'],['Loaded Language']
هل مازال الربيع العربي خطراً يتهدد الممالك العربية أم أنه تم تجاوزه نهائيا؟ الحلقة الكاملة من  ⬇️ ,"['Doubt', 'Loaded Language', 'Name calling/Labeling']",['Loaded Language']
 الأستاذ الدكتور سعيد الظفري يتحدث عن التأثيرات السلبية لبعض مشاهير التواصل الاجتماعي على سلوكيات الشباب العماني لـ ,[],"['Appeal to fear/prejudice', 'Loaded Language']"
""" تشهِّر بمواطن تستر على 4 مقيمين زاولوا تجارة المفروشات.  ",[],"['Appeal to fear/prejudice', 'Loaded Language']"
🔴المصدر: عندما تفشل القوى التي تقف وراء هذه الأكاذيب تلجأ لمثل هذه الطرق الساذجة عبر نشر الأخبار الكاذبة,"['Doubt', 'Loaded Language']","['Doubt', 'Loaded Language', 'Name calling/Labeling']"
 نتنياهو: مستمرون بقصف غزة لسحق المقاومة الفلسطينية     ,"['Loaded Language', 'Name calling/Labeling']","['Loaded Language', 'Name calling/Labeling']"
"كانت مكالمة ""متوترة"".. بايدن أخبر أردوغان عزمه الاعتراف بمذابح الأرمن كـ""إبادة جماعية"" ","['Loaded Language', 'Name calling/Labeling']","['Appeal to fear/prejudice', 'Doubt', 'Loaded Language']"
حميدتي: أصبحنا نتسول من العالم وبلادنا ملأى بالخيرات! ,['Loaded Language'],"['Appeal to fear/prejudice', 'Loaded Language']"
 الجيش السلطاني يفتح باب التجنيد  ,[],['Loaded Language']
بكلمات مؤثرة.. مقيم يودّع زوجته وأطفاله الخمسة بعد أن قضوا في حريق   ,['Loaded Language'],['Loaded Language']
متصل عبر  كل ما أراجع عشان التعويض كمتضرر من طريق الباطنة الساحلي يقولوا أنه الموضوع موقف من وزير الإسكان ؟؟  ,"['Doubt', 'Loaded Language']","['Loaded Language', 'Name calling/Labeling']"
ينتظرهم مصير مجهول..  تلغي تصاريح إقامات مئات اللاجئين السوريين ,"['Loaded Language', 'Name calling/Labeling']",['Loaded Language']
"قائد الجيش ""خطّ أحمر"" وواشنطن ""راجعة""... ",['Name calling/Labeling'],"['Appeal to fear/prejudice', 'Loaded Language']"
"الاتفاق النووي الإيراني: واشنطن تقدم مقترحات ""جادة للغاية"" بمحادثات فيينا وتنتظر ردا ""بالمثل"" من طهران  ","['Loaded Language', 'Name calling/Labeling']","['Glittering generalities (Virtue)', 'Loaded Language', 'Name calling/Labeling']"
RT : عاجل | هنية: أرغمنا الاحتلال على سحب متطرفيه بعيدا عن المسجد الأقصى ولا يمكن لأحد أن يتخلف عن معركة القدس,"['Black-and-white Fallacy/Dictatorship', 'Loaded Language', 'Name calling/Labeling']","['Loaded Language', 'Name calling/Labeling']"
سيدة تتحدث للجزيرة بحرقة عن استشهاد زوجها في قصف لقوات الاحتلال الإسرائيلي على منزلهم في  ,"['Loaded Language', 'Name calling/Labeling']","['Doubt', 'Loaded Language', 'Name calling/Labeling', 'Smears']"
"هذه إرهاصات ولادة نقابة ""الاستقلال"" .. وهكذا أزعج بنبركة علال الفاسي    ",['Name calling/Labeling'],"['Appeal to fear/prejudice', 'Doubt', 'Loaded Language', 'Name calling/Labeling']"
"🚨  ▪️ شهود عيان: المتطرف عوفر أطلق النار تجاه سيدة فلسطينية قرب مدخل مستوطنة ""كريات أربع"" في الخليل والقى سلاحه بجانبها نفس السلاح الذي قتلها به. ","['Loaded Language', 'Name calling/Labeling']","['Loaded Language', 'Name calling/Labeling', 'Smears']"
مستوطن يدهس مجموعة شبان فلسطينيين أسفل باب الأسباط      ,"['Loaded Language', 'Name calling/Labeling']",['Loaded Language']
"ضاحي خلفان ""على مسؤوليته"": على العرب القضاء على  ",['Flag-waving'],['Loaded Language']
 ..  محاولة المليشيا الحوثية الإرهابية الاعتداء على مطار  بطريقة متعمدة جريمة حرب.,"['Loaded Language', 'Name calling/Labeling']",['Loaded Language']
"مقدمة برنامج ""الحدث"": ""لا كلام يعلو فوق عزف صواريخ المقاومة.. وللمتخاذلين  أثبتت أنها ليس بحاجة لأحد""    ","['Exaggeration/Minimisation', 'Loaded Language', 'Name calling/Labeling']","['Loaded Language', 'Name calling/Labeling']"
اقسمنا والتزمنا وبرينا بقسمنا واحترمنا الكلمة واقول لاخونا  إن شطب اسمك من محاضر المجلس فقد حفر بجدار المجلس ولا عزاء للمتخاذلين..... ,"['Loaded Language', 'Name calling/Labeling']","['Appeal to fear/prejudice', 'Loaded Language']"
RT : من قلبي سلامًا على بلد الاخلاق 🇸🇩🇸🇦🌹   ,['Name calling/Labeling'],"['Appeal to fear/prejudice', 'Loaded Language']"
"النظام يرفد خزينته عبر فتح ""قضايا الفساد"" والمالية تشكو احتراف المتهربين ضريبياً ..!!  ","['Loaded Language', 'Name calling/Labeling']",['Loaded Language']
نشطاء فلسطينيون يطلقون حملة  لمنع التفاعل مع الصفحات الناطقة بالعربية للاحتلال الإسرائيلي، والتي تستهدف بالأصل الجمهور العربي ,['Name calling/Labeling'],"['Loaded Language', 'Name calling/Labeling', 'Smears']"
"برنامج بلا خرائط من الإخبارية السورية , | القرصنة الامريكية وسلامة الطيران المدني | إعداد وتقديم  ","['Loaded Language', 'Name calling/Labeling']","['Doubt', 'Loaded Language', 'Name calling/Labeling', 'Smears']"
وزير الإعلام ينعي الكاتب الصحفي المصري مكرم محمد أحمد ,[],['Loaded Language']
RT : عاجل | سرايا القدس: على أبناء شعبنا الفلسطيني النظر إلى سماء قطاع غزة وفلسطين المحتلة وهي تشع نورا ونارا,"['Exaggeration/Minimisation', 'Loaded Language', 'Name calling/Labeling']","['Loaded Language', 'Name calling/Labeling']"
الجنيه السوداني يحرز تقدّمًا مفاجئًا أمام العملات الأجنبية ,['Loaded Language'],['Loaded Language']
معز شقشوق وزير النقل واللوجيستيك : فما مافيا متاع تهريب دخان في الخطوط التونسية لازمنا نوقفوها..  🎙🇹🇳  🌙🌟,['Loaded Language'],"['Appeal to fear/prejudice', 'Loaded Language', 'Name calling/Labeling']"
RT : 🔴 عاجل - الرئيس الأمريكي جو بايدن يعترف بالإبادة بحق الأرمن في عهد السلطة العثمانية  ,['Loaded Language'],['Loaded Language']
كندا تنضم لـ هولندا بالسعي لمعاقبة نظام الأسد لقاء انتهاكاته الجسيمة لحقوق الإنسان ,"['Loaded Language', 'Name calling/Labeling', 'Smears']",['Loaded Language']
كان يصرخ من خلف الشاشة.. كيف تفاعل ترامب أثناء مشاهدته إجراءات محاكمته ؟ ,[],['Loaded Language']
"الائتلاف: قصف مشفى المغارة بالأتارب ""جريمة حرب وجريمة ضد الإنسانية""  ","['Loaded Language', 'Name calling/Labeling']","['Appeal to fear/prejudice', 'Loaded Language', 'Name calling/Labeling']"
كتيبة المهرجين الناشطين: أسلوب احتجاجي جديد في تونس خدمة للقضايا العادلة [فيديو]  ,[],['Name calling/Labeling']
📌 نيابة عن رئيس الجمهورية.. سفير  بفرنسا يسلم  لعائلة الشهيد  ,[],"['Appeal to fear/prejudice', 'Loaded Language']"
""" ضبط قائد المركبة المتهور بـ  والعقوبة في انتظاره.  ","['Loaded Language', 'Name calling/Labeling']",['Loaded Language']
حملة تغير مظهر المختلين عقليآ في ولاية جنوب دارفور نيالا شكرآ يا شبابنا جزاكم الله الف خير.. و تحسبونه هيناً وهو عند الله عظيم ❤️ ,['Name calling/Labeling'],"['Appeal to fear/prejudice', 'Loaded Language']"
 تلقى اتصالات في بداية  تظهر مدى الرعب والارتباك حينها  ,"['Appeal to fear/prejudice', 'Loaded Language']","['Loaded Language', 'Name calling/Labeling']"
"فتاة تقطع مسافة 6 آلاف ميلا لكسر ""قفل حب"" خطيبها السابق ",[],"['Loaded Language', 'Name calling/Labeling']"
وسائل إعلام فلسطينية: شهيدان برصاص الاحتلال واعتقالات طاولت قيادات من حركة حماس في الضفة الغربية,['Name calling/Labeling'],['Loaded Language']
مئات الطلاب يُشيعون جثمان الطالب عبد العزيز الصادق الذي قُتل صباح اليوم داخل جامعة أمدرمان الإسلامية على عصابة من النيقرز.  ,"['Loaded Language', 'Name calling/Labeling']","['Appeal to fear/prejudice', 'Doubt', 'Loaded Language', 'Smears']"
 | مجلس حقوق الإنسان: نقص في الأدوية بنسبة 46% وفي الإمدادات الطبية بنسبة 36% مما يُهدد الحياة في غزة  ,"['Appeal to fear/prejudice', 'Loaded Language']","['Loaded Language', 'Name calling/Labeling', 'Smears']"
"""كنت بلعب معاه"".. القبض على أب علق ابنه من الطابق الرابع في القاهرة ",[],"['Appeal to fear/prejudice', 'Loaded Language']"
 للإذاعـة : النظام المغربي يشن حملة كذب وتضليل لتغليط الرأي العام الدولي  ,"['Loaded Language', 'Name calling/Labeling', 'Smears']",['Loaded Language']
🔴  سيواجه هذا الشعب عقوباتهم بنفس العزيمة والإصرار التي هزم بها أدوات امريكا من المجموعات الإرهابية,"['Loaded Language', 'Name calling/Labeling']","['Loaded Language', 'Name calling/Labeling']"
راشد الصويصات ..رحمك الله يا بطل - كتب أمجد المجالي ,[],['Loaded Language']
الجزائر .. النفايات في قسنطينة خطر يهدد الصحة العمومية ,"['Appeal to fear/prejudice', 'Loaded Language', 'Name calling/Labeling']","['Loaded Language', 'Name calling/Labeling']"
وصفته بالظالم والمتحامل على البحرين.. جمعية الصحفيين تستنكر تقرير البرلمان الأوروبي حول حالة حقوق الإنسان في البحرين ,"['Loaded Language', 'Name calling/Labeling', 'Smears']","['Loaded Language', 'Name calling/Labeling']"
RT :  المعطل تأليف الحكومة جبران باسيل ,[],"['Loaded Language', 'Name calling/Labeling']"
RT : باسيل و الحريري بيتخانقوا بالعلن و ميتين تيعملوا تسوية مع بعض بترجعن عالحكم ,['Smears'],['Loaded Language']
فرض حالة الطوارئ في أمريكا عقب هجوم إلكتروني استهدف خط لأنابيب الوقود       ,['Loaded Language'],"['Loaded Language', 'Name calling/Labeling', 'Smears']"
في يوم تكريمه.. مدرس جامعي في مصر يواجه حملة غضب عارمة.. تعرف على القصة 👇 ,['Loaded Language'],"['Appeal to fear/prejudice', 'Doubt', 'Loaded Language']"
الحريري: لن اشكل الحكومة إلا كما يريدها وقف الانهيار ومنع الارتطام الكبير الذي يتهدد اللبنانيين في أكلهم وصحتهم وحياتهم ودولتهم,['Loaded Language'],"['Loaded Language', 'Name calling/Labeling', 'Smears']"
"مركز ""دراسات"" يحقق قفزة نوعية في تصنيف جامعة بنسلفانيا للمراكز الفكرية لعام 2020 ",['Loaded Language'],"['Appeal to fear/prejudice', 'Loaded Language', 'Name calling/Labeling']"
"▶️ طهران تتهم تل أبيب بالوقوف وراء الهجوم ضد موقع نطنز لتخصيب اليورانيوم وتتوعد بـ ""الانتقام""  ","['Black-and-white Fallacy/Dictatorship', 'Loaded Language', 'Smears']",['Loaded Language']
"انتصار سياسي للمقاومـ ـة الفلسطينية.. حكومة جديدة في دولة الاحتلال تطيح بنتياهو.. هل انتهى عصر ""الملك بيبي""؟ ","['Doubt', 'Name calling/Labeling']","['Appeal to fear/prejudice', 'Loaded Language', 'Name calling/Labeling']"
"حرب بلا جنود.. الأمن العالمي في خطر بسبب ""الدرونز"" ","['Appeal to fear/prejudice', 'Name calling/Labeling']","['Appeal to fear/prejudice', 'Loaded Language']"
 على وقع الكارثة.. فيروس  يفتك بالآلاف ومحارق الموتى في كل مكان.. كل التفاصيل في هذه الرسالة لمراسلة CNN في   ,"['Appeal to fear/prejudice', 'Loaded Language']","['Appeal to fear/prejudice', 'Loaded Language']"
RT : عاجل | وزيرة الخارجية السودانية: التعبئة الثانية لسد النهضة تشكل خطرا حقيقيا على ,['Loaded Language'],"['Loaded Language', 'Name calling/Labeling']"
الخارجية المصرية: لا سلام من دون حل شامل للقضية الفلسطينية ,['Black-and-white Fallacy/Dictatorship'],"['Black-and-white Fallacy/Dictatorship', 'Doubt', 'Smears']"
سؤال حول فينيسيوس يدخل سواريز في نوبة ضحك (فيديو) ,['Loaded Language'],['Loaded Language']
المملكة المتحدة تلقي بثقلها لنزع فتيل أزمة السودان وإثيوبيا     ,"['Loaded Language', 'Name calling/Labeling']","['Appeal to fear/prejudice', 'Loaded Language', 'Name calling/Labeling']"
د.عبدالله باعبود  لـ  الذي يحدث في  غير منطقي وغير معقول      ,['Appeal to fear/prejudice'],"['Loaded Language', 'Name calling/Labeling', 'Smears']"
RT : 🛑متابعة هذه الحسابات المزيفة تعطيها مصداقية وتشجع على تكاثرها واستخدامها لاحقا لبث معلومات كاذبة ,"['Loaded Language', 'Smears']","['Appeal to fear/prejudice', 'Loaded Language', 'Name calling/Labeling', 'Smears']"
 مصالح  و  واحدة وتاريخية وأبدية ,"['Flag-waving', 'Loaded Language']",['Loaded Language']
" تداول فيديو إطلاق نار من داخل سيارة أمام منزل ""أثار رعب سكان الحي"" والنيابة ترد.. فماذا قالت؟ ","['Appeal to fear/prejudice', 'Loaded Language']","['Appeal to fear/prejudice', 'Loaded Language', 'Name calling/Labeling']"
نشطاء يطلقون هاشتاغ  بعد المقترح الروسي لتركيا بفتح ثلاثة معابر في  و  لإنعاش النظام.   ,[],"['Appeal to fear/prejudice', 'Loaded Language', 'Name calling/Labeling']"
  المقاومة الباسلة سجلت نصراً عظيماً إلهياً استراتيجياً مركّباً      ,"['Exaggeration/Minimisation', 'Loaded Language', 'Name calling/Labeling']","['Appeal to fear/prejudice', 'Loaded Language', 'Name calling/Labeling', 'Smears']"
 | الخارجية الأميركية: سياستنا هي أن  محتلة وأن الوضع النهائي لـ لم يحسم بعد، وأن حركة حم.اس أنها جماعة «إرهابية» ,"['Name calling/Labeling', 'Smears']","['Loaded Language', 'Name calling/Labeling']"
"أول كتاب عربي ""يوثق دور السوفيت"" في قيام دولة إسرائيل ",[],['Loaded Language']
 القســ.ـام تعلن قصف بئر السبع المحتلة ومدينة أسدود برشقات صاروخية، ردا على استهداف البيت الآمن في مخيم الشاطئ وارتقاء شهـــ.ـداء بالضفة  ,"['Appeal to fear/prejudice', 'Loaded Language', 'Name calling/Labeling']","['Doubt', 'Loaded Language', 'Name calling/Labeling']"
رئيس حكومة تصريف الأعمال اللبنانية حسان دياب:  بلغ حافة الانهيار الشامل والتعقيدات تحول دون تشكيل الحكومة بعد نحو 9 أشهر على استقالة الحكومة,"['Exaggeration/Minimisation', 'Loaded Language']",['Loaded Language']
يصيب الدماغ وأسبابه غير معروفة.. مرض غامض يضرب أمريكا والإصابات في تزايد مستمر!    ,"['Appeal to fear/prejudice', 'Loaded Language', 'Name calling/Labeling']","['Appeal to fear/prejudice', 'Loaded Language', 'Name calling/Labeling']"
لقطات جوية توثق الدمار الهائل في غزة.. فيديو       ,['Loaded Language'],"['Loaded Language', 'Name calling/Labeling']"
"""الشارقة للفنون"" تقدم معرض ""الجثة الأجمل""    ",[],['Loaded Language']
سوالف رياضية... هل يصلح المدرب الجديد فالفيردي لقيادة ميسي وبرشلونة؟  ,['Doubt'],"['Glittering generalities (Virtue)', 'Loaded Language']"
"""قيدوني وأروني مكان دفني"".. منظمة العفو الدولية توثق شهادات مروعة لانتهاكات الحوثيين  ","['Loaded Language', 'Name calling/Labeling', 'Smears']","['Appeal to fear/prejudice', 'Loaded Language']"
ناصر جودة ينعى بلتاجي: هو بكل اختصار عقل سنفتقده       ,[],"['Appeal to fear/prejudice', 'Loaded Language']"
الأمن يدعو الأردنيين والمقيمين للتبليغ عن المحتالين والمشعوذين في المملكة       ,"['Appeal to fear/prejudice', 'Name calling/Labeling']","['Loaded Language', 'Name calling/Labeling']"
 انتشال 4 شهداء هم أب وأولاده الثلاثة في بيت لاهيا شمال  جراء قصف الاحتلال,['Name calling/Labeling'],['Loaded Language']
المحامي المتخصص في القانون الدولي مجيد بودان: رفع حقوق الملكية الفكرية عن لقاحات  يهدد الأمن الصحي على المدى البعيد  ,['Loaded Language'],['Loaded Language']
 | الدفاع المدني بـ  ارتفاع عدد الشهـ ـداء في القطاع منذ بدء القصف الإسرائيلي إلى 139 بينهم 39 طفلا و22 امرأة ,['Loaded Language'],"['Loaded Language', 'Name calling/Labeling', 'Smears']"
سيدة من تحت الرماد : الوثائقي في خدمة الذاكرة  ,"['Obfuscation, Intentional vagueness, Confusion']",['Loaded Language']
"مسؤولة أممية تعتبر أن الضربات على غزة ""قد تشكل جريمة حرب"" ","['Loaded Language', 'Smears']",['Loaded Language']
نهاجر ولا نموت نفسنا؟ شاب مصري ينتقد غلاء المعيشة ويقارن بين إعلانات رمضان والواقع  ,['Exaggeration/Minimisation'],"['Loaded Language', 'Name calling/Labeling']"
"BTS تثير ضجة هائلة بأغنيتها الجديدة ""Butter""    ",['Loaded Language'],['Loaded Language']
 | رئيس وزراء إسبانيا بيدرو سانشيز: ليبيا تمر بمرحلة تاريخية ونريد الوقوف إلى جانبها ,"['Loaded Language', 'Name calling/Labeling']",['Loaded Language']
 شركتا “أساور العقارية” و “المخطط العقارية”توقعان اتفاقية للتسويق والترويج لمشروع سوق السد ,[],"['Appeal to fear/prejudice', 'Loaded Language', 'Name calling/Labeling']"
  سالم بن علي الكلباني يستمع لأبنه أحمد وهو ينشد أحد قصائدة. في  لـ  مع الدكتور المعتصم المعمري  ,[],['Loaded Language']
 لـmtv: فلننظر الى الواقع الذي نحن ذاهبون اليه مع الانهيار الكامل للدولة وربما للأمن اذا لم نقم بتشكيل حكومة    ,"['Appeal to fear/prejudice', 'Loaded Language']",['Loaded Language']
"عاجل| الصحة: ""استـشهــــاد مواطنة أطلق الاحتلال النار عليها في ",['Name calling/Labeling'],"['Loaded Language', 'Name calling/Labeling']"
شاهد من مجزرة  صرخات موجعة للأب المكلوم بعدما فقد زوجته وجميع أطفاله.  ,"['Loaded Language', 'Name calling/Labeling']","['Loaded Language', 'Name calling/Labeling']"
وزير الخارجية الأميركي: العنف في منطقة الشرق الأوسط يبعدنا أكثر فأكثر عن حل الدولتين,"['Causal Oversimplification', 'Loaded Language']","['Loaded Language', 'Name calling/Labeling', 'Smears']"
▶️ الأزمة الاقتصادية المتفاقمة في لبنان تهدد القطاع الصحي  ,"['Appeal to fear/prejudice', 'Loaded Language']","['Appeal to fear/prejudice', 'Loaded Language']"
"وكأنها ""خيوط"" من الحرير في مصر.. جولة على شلالات وادي الريان في الفيوم  ",[],"['Appeal to fear/prejudice', 'Loaded Language', 'Smears']"
نتفليكس: انخفاض في أسهم الشركة وسط مخاوف من انتهاء الطفرة الاقتصادية الناجمة عن فيروس كورونا ,"['Loaded Language', 'Name calling/Labeling']","['Appeal to fear/prejudice', 'Doubt', 'Loaded Language', 'Smears']"
"📣 New Podcast! ""مزيج الخبرة والشباب.. خلطة سحرية في يورو 2020"" on  ",['Name calling/Labeling'],"['Appeal to fear/prejudice', 'Loaded Language']"
هلاك 80 حوثياً بجبهة ”الكسارة“ ووزير الدفاع من خطوطها الأمامية يؤكد: ”لا خوف على مأرب“ ,['Loaded Language'],"['Appeal to fear/prejudice', 'Doubt', 'Loaded Language']"
  ولدت كبيرة منذ البداية. سالم المسكري الأمين العام السابق لمجلس التعليم العالي لـ  مع الدكتور المعتصم المعمري  ,[],['Loaded Language']
باندو.. ذكر وحيد القرن في حديقة حيوان دنفر بالولايات المتحدة، أتم 12 عاما، فقرر أن يحتفل ويعزف أغنيتة بنفسه!    ,[],"['Doubt', 'Loaded Language', 'Name calling/Labeling', 'Smears']"
RT : الجميع ينزف والضحية واحدة اسمها الشعب والجلاد واحد اسمه تحالف المنظومة مع الميليشيا   ,"['Loaded Language', 'Name calling/Labeling', 'Smears']",['Name calling/Labeling']
وقفة مع الحدث - إسرائيل -حماس: الأطفال.. ضحايا الحرب وجوه وحكايات وليسوا أرقاما... ,"['Loaded Language', 'Name calling/Labeling']","['Appeal to fear/prejudice', 'Glittering generalities (Virtue)', 'Loaded Language']"
"""برنامج الغذاء العالمي"": السوريون يعيشون ""أسوأ ظروف إنسانية منذ بداية الأزمة""  ",['Loaded Language'],"['Appeal to fear/prejudice', 'Loaded Language']"
 الآن الصحفي والكاتب سهيل النهدي  يتحدث عن استمرار  ونتائجها  مع محمد العلوي  ,[],['Loaded Language']
سخروا من طريقة ركضه وهاجموه.. هذا ما حدث لجندي محتل حاول الوصول لباحة المسجد الأقصى 👇 ,"['Loaded Language', 'Name calling/Labeling']","['Appeal to fear/prejudice', 'Loaded Language', 'Name calling/Labeling']"
كويتيو «الإرادة»: مع فلسطين.. لآخر نفس  ,['Flag-waving'],['Flag-waving']
عاجل| جيش الاحتلال يعترف: الطائرة التي تم اعتراضها في غور  قبل أيام هي إيـــرانــيــة ومفــخــخة أطلقت من سوريا أو ,"['Loaded Language', 'Name calling/Labeling']","['Appeal to fear/prejudice', 'Loaded Language', 'Name calling/Labeling']"
 تحية الى الدروز الذين اشتبكوا مع قوات الإحتلال ونتقدّم من أهل الشهيد محمد الطحان بأحرّ التعازي والنصر آتٍ ,"['Flag-waving', 'Name calling/Labeling']","['Doubt', 'Loaded Language']"
" و  خصمان في السياسة.. لكنهما: ""حبوا بعضن.. تركوا بعضن""!  ",[],"['Appeal to fear/prejudice', 'Loaded Language']"
 المجلس القضائي: لا صحة لخبر حبس شخص لمدة 65 سنة لأجل دين مدني  ,[],"['Glittering generalities (Virtue)', 'Name calling/Labeling']"
"في زمن ""حياة السود مهمة""... كيف ينظر سكان المستعمرات الفرنسية السابقة لنابليون الذي أعاد الرق؟  ","['Name calling/Labeling', 'Slogans']","['Name calling/Labeling', 'Slogans']"
عباس لوزير الخارجية الأمريكي: وضع حد للإجراءات الإسرائيلية العدوانية  ,"['Loaded Language', 'Name calling/Labeling']",['Loaded Language']
الحكومة في برّاد الانتظار: لمَ الاستعجال؟    ,['Smears'],['Smears']
صانع أمجاد الكرة اللبنانية  إلى مثواه الأخير  ,"['Exaggeration/Minimisation', 'Name calling/Labeling']",['Loaded Language']
"هاري وميغان: الأمير ""تأثرت"" علاقته بوالده تشارلز وميغان ساورتها ""أفكار انتحارية"" - BBC News عربي ",['Name calling/Labeling'],"['Appeal to fear/prejudice', 'Doubt', 'Loaded Language']"
" طارق صالح""شعب العراق العظيم يستحق العيش بحرية  ","['Loaded Language', 'Name calling/Labeling']",['Loaded Language']
"""يألمـــون كما نألم"": المــقـــاومة تضرب قطاعات حساسة لدى الاحتلال ","['Loaded Language', 'Name calling/Labeling']","['Loaded Language', 'Name calling/Labeling']"
الحزن يعم إسرائيل على ضحايا التدافع في عيد لاك بعومر وتواصل عملية تحديد هويات الضحايا ,"['Loaded Language', 'Name calling/Labeling']","['Loaded Language', 'Name calling/Labeling']"
المؤتمر الصحفي المتوج لاجتماع مجلس الوزراء:  عبر ,[],['Loaded Language']
RT : سفارة  بالقاهرة تنعى رحيل الفنانة    ,[],"['Loaded Language', 'Name calling/Labeling']"
بطولة إسبانيا: ريال مدريد يفوز على فريق برشلونة ويشعل سباقا مثيرا على اللقب  ,"['Loaded Language', 'Name calling/Labeling']",['Loaded Language']
محاربة المخدرات تسقط شخصا بسوابق عدلية    ,['Loaded Language'],['Loaded Language']
فوضى القنوات الفضائية السودانية إلى متى يا سعادة وزير الإعلام  ؟   ,"['Loaded Language', 'Smears']","['Loaded Language', 'Smears']"
الرئيس الأمريكي  يعترف بمذبحة الأرمن في العهد العثماني كإبادة جماعية ,"['Loaded Language', 'Name calling/Labeling']",['Loaded Language']
رئيس مركز كلواذا للدراسات والأبحاث باسل حسين: تمرد الميليشيات العراقية يستوجب العقاب.. وترحيل الأزمة سيؤدي إلى نتائج غير إيجابية   ,"['Appeal to fear/prejudice', 'Loaded Language', 'Name calling/Labeling', 'Smears']","['Appeal to fear/prejudice', 'Loaded Language', 'Name calling/Labeling']"
"في مسعى لتحفيز القطاع السياحي....توفير لقاحات كورونا لزوار ""قلعة دراكولا"" في رومانيا  ",[],"['Appeal to fear/prejudice', 'Doubt', 'Loaded Language']"
كأس إسبانيا: برشلونة يسحق أتلتيكو بلباو بأربعة أهداف ويحرز لقب البطولة بعد صيام عامين  ,['Loaded Language'],"['Appeal to fear/prejudice', 'Loaded Language', 'Name calling/Labeling']"
رمز الشرف العربي.. نشطاء تونسيون يغيرون اسم شارع «باريس» في العاصمة إلى شارع « إجلالًا لانتصار القطاع وتصديه للعدوان الإسرائيلي ,"['Loaded Language', 'Name calling/Labeling']","['Loaded Language', 'Name calling/Labeling']"
رب اجعل صباحي هذا غائم بلطفك، لا شر فيه ولا وقوع ولا تعثر.      ,[],['Doubt']
أسلحة ما بعد الحربين الثانية والباردة اشد فتكا إذا اندلعت الحرب العالمية الثالثة ,"['Appeal to fear/prejudice', 'Loaded Language']","['Loaded Language', 'Name calling/Labeling']"
محمد عبو : قانون تشغيل من طالت بطالتهم غير قابل للتطبيق و تعمل بمنطق شعبوي.. انا ما نجمش الشعبوية..  🎙🇹🇳,[],"['Appeal to fear/prejudice', 'Doubt', 'Loaded Language']"
جلالة السلطان المعظم يصدر مرسومين سلطانيين ساميين   ,"['Loaded Language', 'Name calling/Labeling']","['Glittering generalities (Virtue)', 'Name calling/Labeling']"
RT : عاجل | مراسل  إسرائيل تحذر الإسرائيليين من السفر للإمارات والبحرين خشية أن يكونوا هدفا لانتقام إيراني,"['Appeal to fear/prejudice', 'Loaded Language', 'Name calling/Labeling', 'Smears']","['Appeal to fear/prejudice', 'Loaded Language', 'Name calling/Labeling']"
🎥 هيثم المجد كلمات: يوسف بن عبدالمجيد الأنصاري ألحان: عبدالله الصفراوي | غناء: المجموعة   ,[],['Doubt']
في السلسلة الورقية لبرنامج  تسعى نمولة لتعليم دبدوب الحكمة في مواقف لا تخلو من الطرافة والمعرفة في سلسلة الرسوم الورقية (دبدوب ونمولة)  ,[],"['Appeal to fear/prejudice', 'Doubt', 'Loaded Language']"
RT : عاجل | الخارجية الكويتية: استفزازات الاحتلال الإسرائيلي تتطلب تحركا دوليا سريعا لوضع حد لها وحفظ حقوق الفلسطينيين,"['Loaded Language', 'Name calling/Labeling']","['Loaded Language', 'Name calling/Labeling']"
الباحث في الشؤون السياسية والأمنية بسام القزويني: الحشد الشعبي يتمرد على  والدستور والقضاء في أزمة  وفالح الفياض متواطئ أو مشارك   ,"['Loaded Language', 'Name calling/Labeling', 'Smears']",['Loaded Language']
تحت الضوء يتناول واقع وتحديات الغلو والتطرف العنيف  ,"['Loaded Language', 'Name calling/Labeling']",['Loaded Language']
"بعد الجدل الذي أثاره بتعليقاته أن النساء يتكلمن كثيرا، رئيس اللجنة التنظيمية لأولمبياد طوكيو يعتذر عن تعليقاته غير ""اللائقة"" ",['Loaded Language'],['Loaded Language']
مليشيا الحوثي تنقل ثقلها العسكري الى ”المشجح“ بعد انكسارها وفشلها في ”الكسارة“.. تفاصيل 12 ساعة حرب ضروس شهدتها الجبهة دفعت فيها المليشيا 19 نسقاً هجومياً  ,"['Loaded Language', 'Name calling/Labeling']",['Loaded Language']
الرئيس التركي وصف اعتداءات إسرائيل في  بالإرهاب، معبرا عن إدانته بشدة الظلم الذي يطال الفلسطينيين ,"['Loaded Language', 'Name calling/Labeling', 'Smears']","['Loaded Language', 'Name calling/Labeling', 'Smears']"
تقرير يبرز تحديات الترابط الأمني بين المنطقة المغاربية والساحل الإفريقي    ,['Loaded Language'],['Loaded Language']
وأضافت السفيرة في خطاب أمام لجنة العلاقات الخارجية في الكونكرس الأمريكي،  أنه كان لموريتانيا سجل سيئ في مجال حقوق الإنسان ترددت الحكومات المتعاقبة في معالجته.,"['Name calling/Labeling', 'Smears']","['Appeal to fear/prejudice', 'Doubt', 'Loaded Language']"
عزيمتها بألف راجل.. أنهار تحدت التنمر والإعاقة واتخرجت من الجامعة وبتدور على شغل💪 ,"['Exaggeration/Minimisation', 'Loaded Language']","['Appeal to fear/prejudice', 'Doubt', 'Loaded Language']"
 يدلي بصوته في دوما: آراء الغرب بالانتخابات السورية لا تساوي شيئاً   ,"['Flag-waving', 'Smears']",['Smears']
"الكاف  يتذكر ويُذكر بالهدف التاريخي للدولي الجزائري  ويردد "" حُطها في الجول يا رياض "" كم أنت كبير يا رياض يا محرز برافوا 👏  ",['Loaded Language'],['Loaded Language']
RT : مباشر من  | تريليون دولار خسائر العملات المشفرة وأحدث ضربة تأتي من الصين ,[],['Loaded Language']
الاحتجاجات تعود إلى  وتُقلِق الرئيس,['Loaded Language'],['Loaded Language']
بناء أول منزل طيني بتقنية الطباعة ثلاثية الأبعاد بإيطاليا.. هل هذا هو مستقبل السكن؟ ,['Doubt'],"['Doubt', 'Loaded Language']"
د. الجارالله: استقرار الإشغال السريري والحرج - انخفاض طفيف بإيجابية مسحات الترصد الوبائي - استراتيجية التمنيع للانفتاح والعودة للحياة الطبيعية  ,[],"['Loaded Language', 'Name calling/Labeling']"
"مواقع التواصل الاجتماعي ""تضر"" الصحة العقلية للمراهقين - دراسة -     BBC News عربي ","['Loaded Language', 'Smears']","['Loaded Language', 'Name calling/Labeling']"
استشهاد شاب فلسطيني في غزة متأثرا بجروحه ليرتفع عدد شهداء العدوان إلى 249 ,['Name calling/Labeling'],['Loaded Language']
عن  الوطني الشجاع والمبادر، ودوره في دفع عجلة  تابعوا ما قاله الرئيس  أمام أعضاء  ,['Loaded Language'],"['Doubt', 'Loaded Language']"
"اشكنازي من  استعادة أسرانا من قبضة "" فوق كل الاعتبارات ",['Black-and-white Fallacy/Dictatorship'],"['Appeal to fear/prejudice', 'Loaded Language']"
RT : رئيس الوزراء السوداني: قرار رفع السودان من قوائم الإرهاب سيفتح الباب أمام عودته للمجتمع الدولي,['Loaded Language'],"['Appeal to fear/prejudice', 'Loaded Language', 'Name calling/Labeling']"
عياض اللومي القيادي بقلب تونس : نطالب بادانة السب و الشتم و الهرسلة الي تعرضولو قيادات و نواب قلب تونس.. ,['Loaded Language'],['Loaded Language']
4916 تصريح حفر بشوارع  في 9 أشهر.. هذه الجهة الأكثر عملاً.  ,[],['Loaded Language']
🔴 البيان: الجيش العربي السوري هو جيش سورية العظيم وجيش وحدتها وعزتها ونهضتها وهو البوصلة والمرشد بتضحياته وبطولاته,"['Glittering generalities (Virtue)', 'Loaded Language', 'Name calling/Labeling']","['Doubt', 'Name calling/Labeling', 'Obfuscation, Intentional vagueness, Confusion', 'Smears']"
هاشم: الدعم المباشر للشعب فلسطيني واجب على حكوماتنا وشعوبنا ,['Flag-waving'],"['Flag-waving', 'Repetition', 'Slogans']"
الصاروخ الصيني، من أعطاه الإذن بالإقلاع وتهديد الكرة الأرضية؟ |   ,"['Loaded Language', 'Smears']","['Appeal to fear/prejudice', 'Loaded Language']"
علي الحجري رئيس لجنة السياحة بغرفة تجارة وصناعة  لـ  أتوقع أن يكون هناك توافق وقرارات جميلة من خلال مجلس الشورى ووزير التراث والسياحة ,['Causal Oversimplification'],['Loaded Language']
"بالفيديو..   يعترف بمذابح الأرمن ""إبادة جماعية"".. والهجوم على ناقلة إيرانية ","['Loaded Language', 'Name calling/Labeling']","['Appeal to fear/prejudice', 'Loaded Language']"
نفتالي بينيت.. المليونير اليميني الذي قد ينهي عصر نتنياهو ,['Exaggeration/Minimisation'],['Exaggeration/Minimisation']
بالفيديو: سلسلة حوادث القتل بتزايد.. والأهالي يرفعون الصوت! شاهد هذا التقرير من       ,['Appeal to fear/prejudice'],"['Loaded Language', 'Name calling/Labeling']"
أغرب جلسة تصوير لحفل خطوبة بملابس الديناصورات ,['Loaded Language'],['Loaded Language']
 العندليب الأسمر يغضب عائلة  ,['Loaded Language'],['Loaded Language']
ترامب يحذّر من محاولة “تزوير الانتخابات” ,"['Doubt', 'Loaded Language', 'Smears']",['Loaded Language']
سيدة غاضبة تعاقب شريكها بطريقة مثيرة للضحك، بعد أن رفضت ركوبه سيارتها!.. ماذا تفعلين عندما تغضبين من زوجك؟       ,"['Loaded Language', 'Name calling/Labeling']","['Appeal to fear/prejudice', 'Exaggeration/Minimisation', 'Loaded Language', 'Name calling/Labeling']"
"القوات ترد على ""من خانته ذاكرته"": ""نظام الأسد لم يترك بيتًا في لبنان إلا ودمّره.. فإن ننسى لن ننسى"" ","['Loaded Language', 'Name calling/Labeling', 'Obfuscation, Intentional vagueness, Confusion', 'Repetition', 'Smears']","['Loaded Language', 'Name calling/Labeling', 'Obfuscation, Intentional vagueness, Confusion', 'Repetition', 'Smears']"
"أزمة  في ""عطلة سياسية"".. وهل يخرج  عن صمته؟ ","['Doubt', 'Loaded Language', 'Name calling/Labeling']","['Appeal to fear/prejudice', 'Exaggeration/Minimisation', 'Loaded Language']"
"من قال أن الحيتان مخيفة؟ .. حوت ""بيلوجا"" سيغير فكرتكم بالمرة!  ",['Loaded Language'],"['Appeal to fear/prejudice', 'Loaded Language']"
 ناعيا  وداعا حبيبى  ,[],['Loaded Language']
"المحلل الأمني إحسان القسيون: 47 فصيلا ولائيا يرتدون عباءة الحشد الشعبي للسيطرة على المحافظات الغربية والشمالية في العراق وفتح الطريق أمام  إلى ""المتوسط""  ","['Loaded Language', 'Name calling/Labeling']","['Loaded Language', 'Smears']"
مسؤول أمني إسرائيلي: سنستغل أي فرصة لاغتيال  حتى لو كلفنا ذلك حربا ثانية  ,"['Black-and-white Fallacy/Dictatorship', 'Exaggeration/Minimisation', 'Loaded Language']","['Appeal to fear/prejudice', 'Exaggeration/Minimisation', 'Loaded Language']"
عبير موسي : الي رفعوا بيا قضية يوظفوا في الحق في التقاضي لتبييض الإرهاب.. ,"['Loaded Language', 'Name calling/Labeling']","['Appeal to fear/prejudice', 'Exaggeration/Minimisation']"
الإمارات: على المجتمع الدولي ضرورة اتخاذ موقف فوري وحاسم لوقف اعتداءات الحوثيين على السعودية.,"['Loaded Language', 'Smears']",['Loaded Language']
وين فلوس النفط يا    الشعب يموت جوع ,"['Exaggeration/Minimisation', 'Loaded Language', 'Smears']","['Exaggeration/Minimisation', 'Loaded Language', 'Smears']"
المرصد -  في عاصفة الجائحة.. أرقام قياسية في كل اتجاه وأداء الإعلام الهندي محل انتقاد وموضع تساؤل❓ الحلقة كاملة على يوتيوب:  ,"['Doubt', 'Loaded Language', 'Smears']","['Loaded Language', 'Name calling/Labeling']"
🔴صباغ: بذلت حكومات تلك الدول قصارى جهدها لتحريض السوريين ضد بعضهم البعض لنشر فوضى اعتبرتها خلّاقة,"['Loaded Language', 'Obfuscation, Intentional vagueness, Confusion']","['Loaded Language', 'Name calling/Labeling']"
🔴 جلالة السلطان المعظم يصدر 3 مراسيم سلطانية سامية,['Loaded Language'],"['Glittering generalities (Virtue)', 'Name calling/Labeling']"
"بعد حديثها عن ""عنبر الموت"".. فنانة  تخسر معركة  ","['Exaggeration/Minimisation', 'Loaded Language']","['Exaggeration/Minimisation', 'Loaded Language']"
حضرة صاحب السمو أمير البلاد الشيخ نواف الأحمد الجابر الصباح حفظه الله ورعاه يستقبل سمو الشيخ صباح خالد الحمد الصباح رئيس مجلس الوزراء /كونا ,[],"['Loaded Language', 'Name calling/Labeling']"
وافقت ألمانيا على إعادة بعض القطع الأثرية التاريخية إلى نيجيريا بحلول العام المقبل، التي نهبت خلال الحقبة الاستعمارية.,"['Loaded Language', 'Name calling/Labeling']","['Doubt', 'Loaded Language', 'Name calling/Labeling']"
 ما تقوله الدول الغربية لا يساوي شيئا ,"['Loaded Language', 'Name calling/Labeling', 'Smears']",['Loaded Language']
🔴 د. أمل المعني : التطورات الملاحظة في الفيروس لم تغير من شدته ولله الحمد.,['Loaded Language'],['Loaded Language']
قفزات ماراثونية  يقابلها عجز  وغضب     ,"['Loaded Language', 'Smears']","['Loaded Language', 'Smears']"
شقيق الشهيد أحمد الخير: متمسكون بالقصاص ,"['Black-and-white Fallacy/Dictatorship', 'Loaded Language']",['Loaded Language']
الجبهة المدنية الوطنية: إعادة إنتاج خطاب الحرب الّلبنانيّة خبيث   ,"['Loaded Language', 'Smears']","['Loaded Language', 'Smears']"
 أغلب الدوريات قائمة في الدول الأخرى لماذا الإيقاف في  فقط؟؟ فوزي بشير لاعب المنتخب السابق لـ  مع الدكتور المعتصم المعمري  ,['Doubt'],"['Appeal to fear/prejudice', 'Doubt', 'Loaded Language']"
بالتزامن مع اقتحام المستوطنين.. شرطة الاحتلال تعتدي على المتواجدين داخل ساحات المسجد الأقصى صباح اليوم ,"['Loaded Language', 'Name calling/Labeling', 'Smears']","['Loaded Language', 'Name calling/Labeling', 'Smears']"
الإسعاف المصري تنقل 3 مصابين من  إلى مستشفى العريش العام جراء عدوان الاحتــ ــلال على القطاع، بعد عبورهم من معبر رفح، بحسب صحف محلية ,"['Loaded Language', 'Name calling/Labeling']","['Doubt', 'Loaded Language']"
هولندا تكرم جنودا مغاربة عربون وفاء للتضحيات ضد النازية والفاشية    ,"['Loaded Language', 'Name calling/Labeling']",['Loaded Language']
  نتطلع لتخريج المواطن السعودي ليكون منافسًأ عالميًا.,['Name calling/Labeling'],['Loaded Language']
"تغريدة جديدة لإيلون ماسك تعيد ""بيتكوين"" لمسار الخسائر  ",['Loaded Language'],['Loaded Language']
الاحداث في  تتسارع بشكل خطير : رئيس الوزراء أبي أحمد يقيل وزير الخارجية ورئيس المخابرات وقائد الجيش,"['Appeal to fear/prejudice', 'Loaded Language']",['Loaded Language']
صورة الشــهـــيد موسى مــاضــي الذي ارتقــى بعد قصــف دراجته في مدينة رفح، قبل قليل.   ,['Loaded Language'],"['Loaded Language', 'Name calling/Labeling']"
الحكومة الكويتية تؤدي القسم في برلمانية عاصفة وقرارات قوية ومهمة في طريقها ,"['Loaded Language', 'Name calling/Labeling']","['Loaded Language', 'Name calling/Labeling', 'Smears']"
رغم تعهدّات السلط الجهوية: الرديّف عطشى منذ أكثر من أسبوعين  ,[],"['Appeal to fear/prejudice', 'Loaded Language']"
اكتشاف مذهل للغاية.. أقدم دفن بشري في أفريقيا لطفل يبلغ من العمر 3 سنوات ,['Loaded Language'],"['Appeal to fear/prejudice', 'Smears']"
